unit,name,kind,risk_or_virtue_consistency,risk_or_virtue_consistency_score,risk_virtue_predominance,risk_virtue_generality,risk_virtue_company_consistency,companies,distinct_documents
item,Abuse,risk,Inconsistent,0.1267,0.0772,0.2,0.1028,1,1
item,Abuse and Misuse,risk,Inconsistent,0.1267,0.0772,0.2,0.1028,1,1
item,Abuse Monitoring,risk,Inconsistent,0.3904,0.1213,0.2,0.85,1,4
item,Abuse Potential,risk,Inconsistent,0.2985,0.1838,0.2852,0.4264,2,4
item,Abuse Prevention,risk,Inconsistent,0.2285,0.0772,0.2,0.4083,1,1
item,Abusive Form Filling,risk,Inconsistent,0.1757,0.0772,0.2,0.25,1,1
item,Abusive Users,risk,Inconsistent,0.1757,0.0772,0.2,0.25,1,1
item,Academic Safety Benchmarks,risk,Inconsistent,0.1434,0.0772,0.2,0.1529,1,1
item,Access to Harmful Goods and Services,risk,Inconsistent,0.1434,0.0772,0.2,0.1529,1,1
item,Accessibility,virtue,Inconsistent,0.1757,0.0772,0.2,0.25,1,1
item,Accidental Data Destruction,risk,Inconsistent,0.1409,0.0919,0.2,0.1307,1,2
item,Account Enforcement,virtue,Inconsistent,0.1267,0.0772,0.2,0.1028,1,1
item,Accuracy,risk,Inconsistent,0.1357,0.1544,0.0345,0.2181,2,2
item,Accuracy And Correctness,virtue,Inconsistent,0.2035,0.0772,0.2,0.3333,1,1
item,Adult Activities Risk,risk,Inconsistent,0.1267,0.0772,0.2,0.1028,1,1
item,Adult Erotica,risk,Inconsistent,0.1267,0.0772,0.2,0.1028,1,1
item,Advanced Cyber Capabilities,risk,Inconsistent,0.1659,0.0919,0.2,0.2057,1,2
item,Adversarial Robustness,risk,Inconsistent,0.2722,0.1838,0.2444,0.3885,2,4
item,Adversarial Machine Learning,risk,Inconsistent,0.1267,0.0772,0.2,0.1028,1,1
item,Adversarial Multimodal Inputs,risk,Inconsistent,0.1267,0.0772,0.2,0.1028,1,1
item,Aesthetic Creativity,virtue,Inconsistent,0.1267,0.0772,0.2,0.1028,1,1
item,Age Assurance Bypass,risk,Inconsistent,0.1757,0.0772,0.2,0.25,1,1
item,Age-Inappropriate Content,risk,Inconsistent,0.2035,0.0772,0.2,0.3333,1,1
item,Agent Errors,risk,Inconsistent,0.1267,0.0772,0.2,0.1028,1,1
item,Agentic Abuse,risk,Inconsistent,0.2035,0.0772,0.2,0.3333,1,1
item,Agentic Coding Misuse,risk,Inconsistent,0.264,0.0919,0.2,0.5,1,2
item,Agentic Laziness,risk,Inconsistent,0.1757,0.0772,0.2,0.25,1,1
item,Agentic Misalignment,risk,Inconsistent,0.1612,0.1544,0.0,0.3292,2,2
item,AI Risk Mitigation,risk,Inconsistent,0.1434,0.0772,0.2,0.1529,1,1
item,AI Cyber Incidents,risk,Inconsistent,0.1434,0.0772,0.2,0.1529,1,1
item,AI Model Training,virtue,Inconsistent,0.2035,0.0772,0.2,0.3333,1,1
item,AI R&D,risk,Inconsistent,0.1692,0.0919,0.2,0.2157,1,2
item,AI Safety Sabotage,risk,Inconsistent,0.1757,0.0772,0.2,0.25,1,1
item,AI Security Risks,risk,Inconsistent,0.1434,0.0772,0.2,0.1529,1,1
item,AI Self-Improvement,risk,Inconsistent,0.2368,0.1654,0.2,0.3449,1,7
item,AI Use Monitoring,virtue,Inconsistent,0.2285,0.0772,0.2,0.4083,1,1
item,AI-Generated Content Detection,risk,Inconsistent,0.1757,0.0772,0.2,0.25,1,1
item,Alignment Behaviors,risk,Inconsistent,0.1423,0.1544,0.0711,0.2014,2,2
item,Alignment Effects,virtue,Inconsistent,0.2035,0.0772,0.2,0.3333,1,1
item,Alignment Faking,risk,Inconsistent,0.2265,0.0919,0.2,0.3875,1,2
item,Alignment Tax,risk,Inconsistent,0.2035,0.0772,0.2,0.3333,1,1
item,Alignment with Human Preferences,virtue,Inconsistent,0.2035,0.0772,0.2,0.3333,1,1
item,Alignment-Helpfulness Tradeoffs,risk,Inconsistent,0.2285,0.0772,0.2,0.4083,1,1
item,Allowed Functions Only,virtue,Inconsistent,0.2285,0.0772,0.2,0.4083,1,1
item,Ambiguous Context Evaluations,risk,Inconsistent,0.1757,0.0772,0.2,0.25,1,1
item,Annoying Models,risk,Inconsistent,0.1757,0.0772,0.2,0.25,1,1
item,Anti-Discrimination Protections,virtue,Inconsistent,0.1757,0.0772,0.2,0.25,1,1
item,API Access,virtue,Inconsistent,0.1267,0.0772,0.2,0.1028,1,1
item,Appearance Critiques,risk,Inconsistent,0.1267,0.0772,0.2,0.1028,1,1
item,Appropriate Harmlessness,virtue,Inconsistent,0.264,0.0919,0.2,0.5,1,2
item,Artist Style Imitation,risk,Inconsistent,0.1267,0.0772,0.2,0.1028,1,1
item,ASL-4 CBRN Risk,risk,Inconsistent,0.1757,0.0772,0.2,0.25,1,1
item,Asymmetric Coverage,risk,Inconsistent,0.1267,0.0772,0.2,0.1028,1,1
item,At-Scale Abuse,risk,Inconsistent,0.1267,0.0772,0.2,0.1028,1,1
item,Attack Planning,risk,Inconsistent,0.1942,0.1213,0.2,0.2614,1,4
item,Attack Scaling,risk,Inconsistent,0.1267,0.0772,0.2,0.1028,1,1
item,Attribution,virtue,Inconsistent,0.1434,0.0772,0.2,0.1529,1,1
item,Automated Content Moderation,risk,Inconsistent,0.2285,0.0772,0.2,0.4083,1,1
item,Automated Processing Accuracy,virtue,Inconsistent,0.2285,0.0772,0.2,0.4083,1,1
item,Autonomous Capabilities,risk,Inconsistent,0.2265,0.0919,0.2,0.3875,1,2
item,Autonomous Cyber Operations,risk,Inconsistent,0.1267,0.0772,0.2,0.1028,1,1
item,Autonomous Cyberattacks,risk,Inconsistent,0.1267,0.0772,0.2,0.1028,1,1
item,Autonomous R&D,risk,Inconsistent,0.1267,0.0772,0.2,0.1028,1,1
item,Autonomous Replication,risk,Inconsistent,0.2457,0.1838,0.2004,0.3528,2,4
item,Autonomous Self-Replication,risk,Inconsistent,0.1267,0.0772,0.2,0.1028,1,1
item,Autonomy Risks,risk,Inconsistent,0.3065,0.2279,0.2811,0.4105,2,7
item,Autonomy Evaluations,risk,Inconsistent,0.1757,0.0772,0.2,0.25,1,1
item,Background Preferences,virtue,Inconsistent,0.1267,0.0772,0.2,0.1028,1,1
item,Balanced Political Information,virtue,Inconsistent,0.1757,0.0772,0.2,0.25,1,1
item,Behavioral Audits,risk,Inconsistent,0.1757,0.0772,0.2,0.25,1,1
item,Benchmark Compliance,virtue,Inconsistent,0.1434,0.0772,0.2,0.1529,1,1
item,Benefits Humanity,virtue,Inconsistent,0.1267,0.0772,0.2,0.1028,1,1
item,Benign Prompt Refusals,risk,Inconsistent,0.2285,0.0772,0.2,0.4083,1,1
item,Benign Request Evaluations,risk,Inconsistent,0.2265,0.0919,0.2,0.3875,1,2
item,Bias,risk,Inconsistent,0.4096,0.625,0.0856,0.5182,6,17
item,Bias Amplification,risk,Inconsistent,0.1267,0.0772,0.2,0.1028,1,1
item,Bias and Fairness,risk,Inconsistent,0.2254,0.2721,0.065,0.3392,2,10
item,Bias And Representation,risk,Inconsistent,0.1267,0.0772,0.2,0.1028,1,1
item,Bias and Stereotyping,risk,Inconsistent,0.1816,0.1544,0.1098,0.2806,2,2
item,Bias Evaluation,risk,Inconsistent,0.1757,0.0772,0.2,0.25,1,1
item,Bias Perpetuation,risk,Inconsistent,0.1992,0.0919,0.2,0.3057,1,2
item,"Bias, Stereotypes, Or Ungrounded Information",risk,Inconsistent,0.2285,0.0772,0.2,0.4083,1,1
item,Bio High-Threshold Conversations,risk,Inconsistent,0.1267,0.0772,0.2,0.1028,1,1
item,Biological Risks,risk,Inconsistent,0.2847,0.2279,0.1766,0.4494,2,7
item,Biological and Chemical,risk,Consistent,0.4902,0.4191,0.4703,0.5812,2,20
item,Biological And Chemical Capabilities And Safeguards,risk,Inconsistent,0.1267,0.0772,0.2,0.1028,1,1
item,Chemical And Biological Weapons,risk,Inconsistent,0.2035,0.0772,0.2,0.3333,1,1
item,Biological Misuse Jailbreaks,risk,Inconsistent,0.1267,0.0772,0.2,0.1028,1,1
item,Biological Refusals,risk,Inconsistent,0.2285,0.0772,0.2,0.4083,1,1
item,Biological Threat Bottlenecks,risk,Inconsistent,0.2285,0.0772,0.2,0.4083,1,1
item,Biological Threat Reproduction,risk,Inconsistent,0.1267,0.0772,0.2,0.1028,1,1
item,Biological Threat Taxonomy,virtue,Inconsistent,0.1267,0.0772,0.2,0.1028,1,1
item,Biological Weapons,risk,Inconsistent,0.1267,0.0772,0.2,0.1028,1,1
item,Biological Weaponization,risk,Inconsistent,0.1409,0.0919,0.2,0.1307,1,2
item,Biology,risk,Inconsistent,0.1267,0.0772,0.2,0.1028,1,1
item,Biosecurity Risks,risk,Inconsistent,0.1434,0.0772,0.2,0.1529,1,1
item,Biosecurity Knowledge,risk,Inconsistent,0.1409,0.0919,0.2,0.1307,1,2
item,Bioweapons,risk,Inconsistent,0.2035,0.0772,0.2,0.3333,1,1
item,Bioweaponization,risk,Inconsistent,0.1409,0.0919,0.2,0.1307,1,2
item,Blacklisted Resources Use,risk,Inconsistent,0.1267,0.0772,0.2,0.1028,1,1
item,Blackmail,risk,Inconsistent,0.1757,0.0772,0.2,0.25,1,1
item,Business Risk,risk,Inconsistent,0.1434,0.0772,0.2,0.1529,1,1
item,Capability And Safety Improvement,virtue,Inconsistent,0.1267,0.0772,0.2,0.1028,1,1
item,Capability Evaluations,risk,Inconsistent,0.1267,0.0772,0.2,0.1028,1,1
item,Capability-Demonstration Gap,risk,Inconsistent,0.1267,0.0772,0.2,0.1028,1,1
item,Catastrophic Risks,risk,Inconsistent,0.1757,0.0772,0.2,0.25,1,1
item,Catastrophic Harm Prevention,risk,Inconsistent,0.1267,0.0772,0.2,0.1028,1,1
item,Causing Harm,risk,Inconsistent,0.1267,0.0772,0.2,0.1028,1,1
item,CBRNE,risk,Inconsistent,0.2775,0.1544,0.3974,0.2806,2,2
item,CBRNE Helpfulness,risk,Inconsistent,0.2285,0.0772,0.2,0.4083,1,1
item,Centralized Monitoring Control,risk,Inconsistent,0.1267,0.0772,0.2,0.1028,1,1
item,Chain-of-Thought Control,virtue,Inconsistent,0.1409,0.0919,0.2,0.1307,1,2
item,Chain-of-Thought Faithfulness,virtue,Inconsistent,0.1757,0.0772,0.2,0.25,1,1
item,Chain-of-Thought Monitoring,virtue,Inconsistent,0.1409,0.0919,0.2,0.1307,1,2
item,Cheating,risk,Inconsistent,0.1267,0.0772,0.2,0.1028,1,1
item,CBRN,risk,Inconsistent,0.3851,0.4412,0.3012,0.413,4,13
item,CBRN Capabilities And Safeguards,risk,Inconsistent,0.1267,0.0772,0.2,0.1028,1,1
item,CBRN Evaluations,risk,Inconsistent,0.1757,0.0772,0.2,0.25,1,1
item,CBRN Knowledge,risk,Inconsistent,0.1692,0.0919,0.2,0.2157,1,2
item,CBRN Proliferation,risk,Inconsistent,0.1267,0.0772,0.2,0.1028,1,1
item,CBRN Weapons,risk,Inconsistent,0.1757,0.0772,0.2,0.25,1,1
item,CBRN Weapons Development,risk,Inconsistent,0.1757,0.0772,0.2,0.25,1,1
item,Chemical Bottlenecks,risk,Inconsistent,0.2285,0.0772,0.2,0.4083,1,1
item,Chemical Expertise,risk,Inconsistent,0.1434,0.0772,0.2,0.1529,1,1
item,Chemical Weapons,risk,Inconsistent,0.1267,0.0772,0.2,0.1028,1,1
item,Chemical/Biological Knowledge,risk,Inconsistent,0.2695,0.0919,0.2,0.5167,1,2
item,Child Safety,risk,Inconsistent,0.4077,0.4706,0.2736,0.4789,4,15
item,Child Sexual Abuse,risk,Consistent,0.4686,0.7132,0.2697,0.4228,6,23
item,CSAM Filtering,risk,Inconsistent,0.1434,0.0772,0.2,0.1529,1,1
item,CSAM Prompt Optimization,risk,Inconsistent,0.1757,0.0772,0.2,0.25,1,1
item,Child Sexual Exploitation,risk,Inconsistent,0.2285,0.0772,0.2,0.4083,1,1
item,Children’s Data Training,risk,Inconsistent,0.2285,0.0772,0.2,0.4083,1,1
item,Children's Personal Data,risk,Inconsistent,0.2035,0.0772,0.2,0.3333,1,1
item,Civic Process Manipulation,risk,Inconsistent,0.1267,0.0772,0.2,0.1028,1,1
item,Code Sabotage,risk,Inconsistent,0.1757,0.0772,0.2,0.25,1,1
item,Code Vulnerabilities,risk,Inconsistent,0.2945,0.0919,0.2,0.5917,1,2
item,Coding Helpfulness,virtue,Inconsistent,0.2035,0.0772,0.2,0.3333,1,1
item,Coding Model Security,risk,Inconsistent,0.2285,0.0772,0.2,0.4083,1,1
item,Coherence,virtue,Inconsistent,0.2285,0.0772,0.2,0.4083,1,1
item,Coherent Scheming,risk,Inconsistent,0.1267,0.0772,0.2,0.1028,1,1
item,Communications Surveillance,risk,Inconsistent,0.1267,0.0772,0.2,0.1028,1,1
item,Compliance,risk,Inconsistent,0.1434,0.0772,0.2,0.1529,1,1
item,Concealing Unsafe Behavior,risk,Inconsistent,0.1267,0.0772,0.2,0.1028,1,1
item,Concerning Behavior,risk,Inconsistent,0.1757,0.0772,0.2,0.25,1,1
item,Confabulation,risk,Inconsistent,0.1757,0.0772,0.2,0.25,1,1
item,Constraint Bypassing,risk,Inconsistent,0.1267,0.0772,0.2,0.1028,1,1
item,Content Safety,risk,Inconsistent,0.1434,0.0772,0.2,0.1529,1,1
item,Content Moderation,virtue,Inconsistent,0.1267,0.0772,0.2,0.1028,1,1
item,Content Policy Violations,risk,Inconsistent,0.1608,0.1544,0.2,0.1279,2,2
item,Content Provenance,risk,Inconsistent,0.1267,0.0772,0.2,0.1028,1,1
item,Content Safety Policies,risk,Inconsistent,0.1434,0.0772,0.2,0.1529,1,1
item,Contextual Privacy,risk,Inconsistent,0.2285,0.0772,0.2,0.4083,1,1
item,Contrary Medical Advice,risk,Inconsistent,0.1992,0.0919,0.2,0.3057,1,2
item,Control in Autonomous Settings,risk,Inconsistent,0.1267,0.0772,0.2,0.1028,1,1
item,Controversial Questions,risk,Inconsistent,0.1267,0.0772,0.2,0.1028,1,1
item,Conversation Data Training,risk,Inconsistent,0.2285,0.0772,0.2,0.4083,1,1
item,Convincing Deepfakes,risk,Inconsistent,0.1267,0.0772,0.2,0.1028,1,1
item,Copyright And Trademark Infringement,risk,Inconsistent,0.1267,0.0772,0.2,0.1028,1,1
item,Copyright Balance,risk,Inconsistent,0.1434,0.0772,0.2,0.1529,1,1
item,Copyright Infringement,risk,Inconsistent,0.1585,0.1544,0.1195,0.2014,2,2
item,Correct Code Generation,virtue,Inconsistent,0.1267,0.0772,0.2,0.1028,1,1
item,Correcting Users Honestly,virtue,Inconsistent,0.1757,0.0772,0.2,0.25,1,1
item,Correlated Errors,risk,Inconsistent,0.1267,0.0772,0.2,0.1028,1,1
item,Counterfactual Bias,risk,Inconsistent,0.1267,0.0772,0.2,0.1028,1,1
item,Covert Actions,risk,Inconsistent,0.1942,0.1213,0.2,0.2614,1,4
item,Covert Deception,risk,Inconsistent,0.1267,0.0772,0.2,0.1028,1,1
item,Covert Encoding,risk,Inconsistent,0.1267,0.0772,0.2,0.1028,1,1
item,Covert Influence,risk,Inconsistent,0.1267,0.0772,0.2,0.1028,1,1
item,Credential Leaks,risk,Inconsistent,0.1409,0.0919,0.2,0.1307,1,2
item,Criminal Advice,risk,Inconsistent,0.1267,0.0772,0.2,0.1028,1,1
item,Criminal Offences,risk,Inconsistent,0.2035,0.0772,0.2,0.3333,1,1
item,Critical Capability Misuse,risk,Inconsistent,0.1434,0.0772,0.2,0.1529,1,1
item,Critical Infrastructure Attacks,risk,Inconsistent,0.2249,0.1691,0.1224,0.3833,2,3
item,Cruel Insults,risk,Inconsistent,0.1267,0.0772,0.2,0.1028,1,1
item,Custom Developer Message Jailbreaks,risk,Inconsistent,0.1267,0.0772,0.2,0.1028,1,1
item,Cyber Capabilities,risk,Inconsistent,0.2885,0.4301,0.1324,0.3031,5,8
item,Cyber Agents,risk,Inconsistent,0.2695,0.0919,0.2,0.5167,1,2
item,Cyber Attack Enablement,risk,Inconsistent,0.2092,0.1544,0.1927,0.2806,2,2
item,Cyber Autonomy Level 1,risk,Inconsistent,0.1434,0.0772,0.2,0.1529,1,1
item,Cyber Evaluations,risk,Inconsistent,0.1757,0.0772,0.2,0.25,1,1
item,Cyber Exploitation,risk,Inconsistent,0.1267,0.0772,0.2,0.1028,1,1
item,Cyber Knowledge,risk,Inconsistent,0.2695,0.0919,0.2,0.5167,1,2
item,Cyber Operations,risk,Inconsistent,0.1267,0.0772,0.2,0.1028,1,1
item,Cyber Ranges,risk,Inconsistent,0.1757,0.0772,0.2,0.25,1,1
item,Cyber Uplift Automation,risk,Inconsistent,0.2285,0.0772,0.2,0.4083,1,1
item,Cyber Weapons,risk,Inconsistent,0.2035,0.0772,0.2,0.3333,1,1
item,Cyberattack Assistance,risk,Inconsistent,0.1267,0.0772,0.2,0.1028,1,1
item,CyberGym,risk,Inconsistent,0.1757,0.0772,0.2,0.25,1,1
item,Cybersecurity,risk,Consistent,0.5208,0.7206,0.2474,0.5945,4,32
item,Cybersecurity Assistance,risk,Inconsistent,0.1267,0.0772,0.2,0.1028,1,1
item,Cybersecurity Capabilities Increase,risk,Inconsistent,0.1267,0.0772,0.2,0.1028,1,1
item,Cybersecurity Taxonomy,risk,Inconsistent,0.1267,0.0772,0.2,0.1028,1,1
item,Cyberweapon Creation,risk,Inconsistent,0.1757,0.0772,0.2,0.25,1,1
item,Dangerous Capabilities,risk,Inconsistent,0.2551,0.1066,0.2,0.4586,1,3
item,Dangerous Activities,risk,Inconsistent,0.1267,0.0772,0.2,0.1028,1,1
item,Dangerous Advice,risk,Inconsistent,0.1171,0.1544,0.069,0.1279,2,2
item,Dangerous Images,risk,Inconsistent,0.1434,0.0772,0.2,0.1529,1,1
item,Dangerous Planning,risk,Inconsistent,0.1267,0.0772,0.2,0.1028,1,1
item,Dangerous Purposes,risk,Inconsistent,0.2035,0.0772,0.2,0.3333,1,1
item,Dangerous Substances,risk,Inconsistent,0.1434,0.0772,0.2,0.1529,1,1
item,Data Cleaning,risk,Inconsistent,0.1757,0.0772,0.2,0.25,1,1
item,Data Destruction,risk,Inconsistent,0.1801,0.1066,0.2,0.2335,1,3
item,Data Exfiltration,risk,Inconsistent,0.1635,0.1691,0.1421,0.1793,2,3
item,Data Filtering,virtue,Inconsistent,0.1757,0.0772,0.2,0.25,1,1
item,Data Memorization,risk,Inconsistent,0.1159,0.1544,0.0654,0.1279,2,2
item,Data Poisoning,risk,Inconsistent,0.1706,0.1691,0.1633,0.1793,2,3
item,Data Quality Issues,risk,Inconsistent,0.1267,0.0772,0.2,0.1028,1,1
item,Deception,risk,Inconsistent,0.3381,0.4706,0.0666,0.4772,4,15
item,Deception And Sabotage,risk,Inconsistent,0.1267,0.0772,0.2,0.1028,1,1
item,Deception by Omission,risk,Inconsistent,0.1757,0.0772,0.2,0.25,1,1
item,Deception of Others,risk,Inconsistent,0.1757,0.0772,0.2,0.25,1,1
item,Deceptive Behavior,risk,Inconsistent,0.214,0.1838,0.1372,0.3209,2,4
item,Deceptive Alignment,risk,Inconsistent,0.1856,0.1985,0.1361,0.2221,2,5
item,Deceptive Chain Monitoring,risk,Inconsistent,0.1409,0.0919,0.2,0.1307,1,2
item,Deceptive Likeness Misuse,risk,Inconsistent,0.1267,0.0772,0.2,0.1028,1,1
item,Deceptive Reasoning,risk,Inconsistent,0.1757,0.0772,0.2,0.25,1,1
item,Deepfakes,risk,Inconsistent,0.1434,0.0772,0.2,0.1529,1,1
item,Delusion Encouragement,risk,Inconsistent,0.1757,0.0772,0.2,0.25,1,1
item,Demographic Bias,risk,Inconsistent,0.1659,0.0919,0.2,0.2057,1,2
item,Denial of Service,risk,Inconsistent,0.1434,0.0772,0.2,0.1529,1,1
item,Difficult Violative Requests,risk,Inconsistent,0.1757,0.0772,0.2,0.25,1,1
item,Direct Misuse,risk,Inconsistent,0.2285,0.0772,0.2,0.4083,1,1
item,Direct Deception,risk,Inconsistent,0.1757,0.0772,0.2,0.25,1,1
item,Disallowed Content,risk,Inconsistent,0.3895,0.2978,0.2,0.6706,1,16
item,Disallowed Multimodal Input,risk,Inconsistent,0.1267,0.0772,0.2,0.1028,1,1
item,Disallowed Text-Image Content,risk,Inconsistent,0.1267,0.0772,0.2,0.1028,1,1
item,Discrimination,risk,Inconsistent,0.1757,0.0772,0.2,0.25,1,1
item,Discrimination And Prejudice,risk,Inconsistent,0.2035,0.0772,0.2,0.3333,1,1
item,Discrimination Based on Protected Traits,risk,Inconsistent,0.1267,0.0772,0.2,0.1028,1,1
item,Discriminatory Content,risk,Inconsistent,0.2035,0.0772,0.2,0.3333,1,1
item,Discriminatory Bias,risk,Inconsistent,0.2772,0.1066,0.2,0.525,1,3
item,Dishonest Reporting,virtue,Inconsistent,0.1267,0.0772,0.2,0.1028,1,1
item,Disinformation,risk,Inconsistent,0.1267,0.0772,0.2,0.1028,1,1
item,Disinformation Campaigns,risk,Inconsistent,0.1267,0.0772,0.2,0.1028,1,1
item,Disparate Group Impacts,risk,Inconsistent,0.1047,0.1544,0.0318,0.1279,2,2
item,Distraction,risk,Inconsistent,0.1267,0.0772,0.2,0.1028,1,1
item,Distributional Shift Robustness,risk,Inconsistent,0.1434,0.0772,0.2,0.1529,1,1
item,Dual Use,risk,Inconsistent,0.1267,0.0772,0.2,0.1028,1,1
item,Dual-Use Benign Requests,risk,Inconsistent,0.1757,0.0772,0.2,0.25,1,1
item,Dual-Use Cyber Behavior,risk,Inconsistent,0.1409,0.0919,0.2,0.1307,1,2
item,Dual-Use Potential,risk,Inconsistent,0.1757,0.0772,0.2,0.25,1,1
item,Dual-Use Weapons Development,risk,Inconsistent,0.2695,0.0919,0.2,0.5167,1,2
item,Eating Disorders,risk,Inconsistent,0.1757,0.0772,0.2,0.25,1,1
item,Economic Inequality,risk,Inconsistent,0.1267,0.0772,0.2,0.1028,1,1
item,Economically Valuable Tasks,virtue,Inconsistent,0.1267,0.0772,0.2,0.1028,1,1
item,Egregious Failures,risk,Inconsistent,0.1267,0.0772,0.2,0.1028,1,1
item,Election Advertising,risk,Inconsistent,0.1434,0.0772,0.2,0.1529,1,1
item,Election Influence Operations,risk,Inconsistent,0.1267,0.0772,0.2,0.1028,1,1
item,Emerging Risks,risk,Inconsistent,0.1434,0.0772,0.2,0.1529,1,1
item,Emotional Dependence,risk,Inconsistent,0.1801,0.1066,0.2,0.2335,1,3
item,Emotional Intelligence,virtue,Inconsistent,0.1267,0.0772,0.2,0.1028,1,1
item,Emotional Reliance,risk,Inconsistent,0.2084,0.136,0.2,0.2892,1,5
item,Emotional Support,virtue,Inconsistent,0.1267,0.0772,0.2,0.1028,1,1
item,Employment Discrimination,risk,Inconsistent,0.1434,0.0772,0.2,0.1529,1,1
item,Employment Fraud,risk,Inconsistent,0.1267,0.0772,0.2,0.1028,1,1
item,Encoding,risk,Inconsistent,0.1267,0.0772,0.2,0.1028,1,1
item,Epistemic Autonomy,virtue,Inconsistent,0.1757,0.0772,0.2,0.25,1,1
item,Erotic Content,risk,Inconsistent,0.2618,0.1654,0.2,0.4199,1,7
item,Erotic Violent Content,risk,Inconsistent,0.1267,0.0772,0.2,0.1028,1,1
item,Erratic Behavior,risk,Inconsistent,0.1757,0.0772,0.2,0.25,1,1
item,Errors,risk,Inconsistent,0.1409,0.0919,0.2,0.1307,1,2
item,Escalation Requests,risk,Inconsistent,0.1267,0.0772,0.2,0.1028,1,1
item,Evaluation Awareness,risk,Inconsistent,0.2943,0.261,0.3129,0.3088,3,5
item,Evasion,risk,Inconsistent,0.1267,0.0772,0.2,0.1028,1,1
item,Evasive Malicious PDFs,risk,Inconsistent,0.1267,0.0772,0.2,0.1028,1,1
item,Evolving Threats,risk,Inconsistent,0.1434,0.0772,0.2,0.1529,1,1
item,Excessive Agency,risk,Inconsistent,0.1757,0.0772,0.2,0.25,1,1
item,Excessive Safety Constraints,risk,Inconsistent,0.2035,0.0772,0.2,0.3333,1,1
item,Execution Errors,risk,Inconsistent,0.1267,0.0772,0.2,0.1028,1,1
item,Expert Planning Facilitation,risk,Inconsistent,0.1267,0.0772,0.2,0.1028,1,1
item,Explicit Content,risk,Inconsistent,0.1659,0.0919,0.2,0.2057,1,2
item,Explicit Sexual Content,risk,Inconsistent,0.405,0.1949,0.2,0.82,1,9
item,Exploitation of Minors,risk,Inconsistent,0.2035,0.0772,0.2,0.3333,1,1
item,Expressing Uncertainty,virtue,Inconsistent,0.1267,0.0772,0.2,0.1028,1,1
item,External Comparisons,risk,Inconsistent,0.1757,0.0772,0.2,0.25,1,1
item,External Evaluations,virtue,Inconsistent,0.1434,0.0772,0.2,0.1529,1,1
item,External Red Teaming,risk,Inconsistent,0.1267,0.0772,0.2,0.1028,1,1
item,External Security Testing,risk,Inconsistent,0.1757,0.0772,0.2,0.25,1,1
item,External Testing,risk,Inconsistent,0.1757,0.0772,0.2,0.25,1,1
item,Extremist Content,risk,Inconsistent,0.2226,0.1507,0.2,0.3171,1,6
item,Extremist Support,risk,Inconsistent,0.1267,0.0772,0.2,0.1028,1,1
item,Fabrication,risk,Inconsistent,0.1267,0.0772,0.2,0.1028,1,1
item,Fact Discrimination,virtue,Inconsistent,0.1267,0.0772,0.2,0.1028,1,1
item,Factual Accuracy,risk,Inconsistent,0.2268,0.3235,0.0738,0.2831,4,5
item,Factual Errors,risk,Inconsistent,0.1757,0.0772,0.2,0.25,1,1
item,Factual Hallucinations,risk,Inconsistent,0.1659,0.0919,0.2,0.2057,1,2
item,Factual Inaccuracies,risk,Inconsistent,0.1659,0.0919,0.2,0.2057,1,2
item,Factual Reliability,virtue,Inconsistent,0.2035,0.0772,0.2,0.3333,1,1
item,Factuality,virtue,Inconsistent,0.2027,0.2463,0.1444,0.2173,3,4
item,Failures And Abuses,risk,Inconsistent,0.1267,0.0772,0.2,0.1028,1,1
item,Fairness,virtue,Inconsistent,0.1422,0.1544,0.1443,0.1279,2,2
item,Fairness and Inclusion,virtue,Inconsistent,0.2285,0.0772,0.2,0.4083,1,1
item,Fairness Evaluation,risk,Inconsistent,0.1267,0.0772,0.2,0.1028,1,1
item,Faithfulness,virtue,Inconsistent,0.1267,0.0772,0.2,0.1028,1,1
item,False Information,risk,Inconsistent,0.1325,0.1544,0.0,0.2431,2,2
item,False Positive Refusals,risk,Inconsistent,0.1757,0.0772,0.2,0.25,1,1
item,False Premises,risk,Inconsistent,0.1757,0.0772,0.2,0.25,1,1
item,False Refusals,risk,Inconsistent,0.3695,0.0919,0.2,0.8167,1,2
item,False Task Completion Claims,risk,Inconsistent,0.1267,0.0772,0.2,0.1028,1,1
item,Feedback,virtue,Inconsistent,0.2035,0.0772,0.2,0.3333,1,1
item,Fraud,risk,Inconsistent,0.1186,0.1544,0.0,0.2014,2,2
item,Fraud And Abuse,risk,Inconsistent,0.2272,0.1544,0.3092,0.2181,2,2
item,Fraud And Illegal Activity,risk,Inconsistent,0.2035,0.0772,0.2,0.3333,1,1
item,Fraud and Scams,risk,Inconsistent,0.2285,0.0772,0.2,0.4083,1,1
item,Frequent Hallucinations,risk,Inconsistent,0.1267,0.0772,0.2,0.1028,1,1
item,Frontier Safety,risk,Inconsistent,0.1434,0.0772,0.2,0.1529,1,1
item,Gain-of-Function Sequences,risk,Inconsistent,0.1267,0.0772,0.2,0.1028,1,1
item,Gender and Racial Bias,risk,Inconsistent,0.1267,0.0772,0.2,0.1028,1,1
item,Gender and Skin Tone Bias,risk,Inconsistent,0.1434,0.0772,0.2,0.1529,1,1
item,Gender-Occupation Stereotypes,risk,Inconsistent,0.1757,0.0772,0.2,0.25,1,1
item,General Risks,risk,Inconsistent,0.1245,0.1691,0.0,0.2043,2,3
item,General Autonomy,risk,Inconsistent,0.1267,0.0772,0.2,0.1028,1,1
item,General Ethics,virtue,Inconsistent,0.1757,0.0772,0.2,0.25,1,1
item,General Safety Evaluations,virtue,Inconsistent,0.2285,0.0772,0.2,0.4083,1,1
item,Genuine Helpfulness,virtue,Inconsistent,0.1757,0.0772,0.2,0.25,1,1
item,Geographic Performance Disparities,risk,Inconsistent,0.1434,0.0772,0.2,0.1529,1,1
item,Global Health,risk,Inconsistent,0.1267,0.0772,0.2,0.1028,1,1
item,Global Health Bias,risk,Inconsistent,0.1267,0.0772,0.2,0.1028,1,1
item,Goal Misalignment,risk,Inconsistent,0.1267,0.0772,0.2,0.1028,1,1
item,Goal Misgeneralization,risk,Inconsistent,0.1434,0.0772,0.2,0.1529,1,1
item,Goal Preservation,risk,Inconsistent,0.1267,0.0772,0.2,0.1028,1,1
item,Gore,risk,Inconsistent,0.1267,0.0772,0.2,0.1028,1,1
item,Graphic Sexual Content,risk,Inconsistent,0.1267,0.0772,0.2,0.1028,1,1
item,Graphic Violence,risk,Inconsistent,0.1659,0.0919,0.2,0.2057,1,2
item,Gray-Area Requests,risk,Inconsistent,0.1757,0.0772,0.2,0.25,1,1
item,Groundedness,virtue,Inconsistent,0.2285,0.0772,0.2,0.4083,1,1
item,Group Representation Bias,risk,Inconsistent,0.1267,0.0772,0.2,0.1028,1,1
item,Guardrails,virtue,Inconsistent,0.2035,0.0772,0.2,0.3333,1,1
item,Hallucinated Reasoning,risk,Inconsistent,0.1267,0.0772,0.2,0.1028,1,1
item,Hallucinated Responses,risk,Inconsistent,0.2035,0.0772,0.2,0.3333,1,1
item,Hallucinations,risk,Consistent,0.5008,0.8309,0.0931,0.5785,6,31
item,Handwriting Recognition,virtue,Inconsistent,0.2285,0.0772,0.2,0.4083,1,1
item,Harassment,risk,Inconsistent,0.419,0.375,0.2758,0.606,2,17
item,Harassment And Bullying,risk,Inconsistent,0.2035,0.0772,0.2,0.3333,1,1
item,Harm and Misuse,risk,Inconsistent,0.1434,0.0772,0.2,0.1529,1,1
item,Harm Aversion,virtue,Inconsistent,0.2285,0.0772,0.2,0.4083,1,1
item,Harm Minimization,risk,Inconsistent,0.1267,0.0772,0.2,0.1028,1,1
item,Harmful Content,risk,Consistent,0.527,0.8199,0.2294,0.5319,7,26
item,Harmful Actions,risk,Inconsistent,0.1267,0.0772,0.2,0.1028,1,1
item,Harmful Advice,risk,Inconsistent,0.1267,0.0772,0.2,0.1028,1,1
item,Harmful Image Generation,risk,Inconsistent,0.1267,0.0772,0.2,0.1028,1,1
item,Harmful Image Edits,risk,Inconsistent,0.2285,0.0772,0.2,0.4083,1,1
item,Harmful Inputs and Outputs,risk,Inconsistent,0.2285,0.0772,0.2,0.4083,1,1
item,Harmful Instructions,risk,Inconsistent,0.1267,0.0772,0.2,0.1028,1,1
item,Harmful Manipulation,risk,Inconsistent,0.1434,0.0772,0.2,0.1529,1,1
item,Harmful Multi-Turn Scenarios,risk,Inconsistent,0.1757,0.0772,0.2,0.25,1,1
item,Harmful or Unlawful Behavior,risk,Inconsistent,0.2285,0.0772,0.2,0.4083,1,1
item,Harmful Outcomes,risk,Inconsistent,0.1951,0.1066,0.2,0.2786,1,3
item,Harmful Outputs,risk,Inconsistent,0.1553,0.1544,0.1351,0.1764,2,2
item,Harmful Stereotypes,risk,Inconsistent,0.1942,0.1213,0.2,0.2614,1,4
item,Harmful Tasks,risk,Inconsistent,0.1267,0.0772,0.2,0.1028,1,1
item,Harmful Task Assistance,risk,Inconsistent,0.1267,0.0772,0.2,0.1028,1,1
item,Harmful Third-Party Content,risk,Inconsistent,0.1757,0.0772,0.2,0.25,1,1
item,Harmful Training Data,risk,Inconsistent,0.2035,0.0772,0.2,0.3333,1,1
item,Harmful Use Compliance,risk,Inconsistent,0.1757,0.0772,0.2,0.25,1,1
item,Harmless Responses,virtue,Inconsistent,0.1757,0.0772,0.2,0.25,1,1
item,Harmlessness,virtue,Inconsistent,0.2696,0.1985,0.0,0.6104,2,5
item,Hate Content,risk,Inconsistent,0.2084,0.136,0.2,0.2892,1,5
item,Hate Against Protected Groups,risk,Inconsistent,0.1267,0.0772,0.2,0.1028,1,1
item,Hate And Discrimination,risk,Inconsistent,0.1757,0.0772,0.2,0.25,1,1
item,Hate Speech,risk,Inconsistent,0.392,0.5147,0.1777,0.4835,4,18
item,Hateful Content,risk,Inconsistent,0.1453,0.1544,0.1537,0.1279,2,2
item,Hateful or Harassing Content,risk,Inconsistent,0.2035,0.0772,0.2,0.3333,1,1
item,Health Harms,risk,Inconsistent,0.1409,0.0919,0.2,0.1307,1,2
item,Health And Safety,virtue,Inconsistent,0.2084,0.136,0.2,0.2892,1,5
item,HealthBench Hallucinations,risk,Inconsistent,0.1409,0.0919,0.2,0.1307,1,2
item,Hedging,virtue,Inconsistent,0.1434,0.0772,0.2,0.1529,1,1
item,"Helpful, Honest, Harmless",virtue,Inconsistent,0.3147,0.1066,0.2,0.6375,1,3
item,Helpfulness,virtue,Inconsistent,0.3151,0.4449,0.0786,0.4217,5,9
item,"Helpfulness, Honesty, Harmlessness",virtue,Inconsistent,0.1757,0.0772,0.2,0.25,1,1
item,Hidden Agendas,risk,Inconsistent,0.1267,0.0772,0.2,0.1028,1,1
item,Hidden Goals,risk,Inconsistent,0.1757,0.0772,0.2,0.25,1,1
item,Hidden Reasoning,risk,Inconsistent,0.1757,0.0772,0.2,0.25,1,1
item,High-Agency Behavior,risk,Inconsistent,0.1757,0.0772,0.2,0.25,1,1
item,High-Risk Content,risk,Inconsistent,0.1434,0.0772,0.2,0.1529,1,1
item,High-Risk Activities,risk,Inconsistent,0.1267,0.0772,0.2,0.1028,1,1
item,High-Risk Dual-Use Biology,risk,Inconsistent,0.1409,0.0919,0.2,0.1307,1,2
item,High-Severity Harms,risk,Inconsistent,0.1267,0.0772,0.2,0.1028,1,1
item,High-Severity Cyber Assistance,risk,Inconsistent,0.1267,0.0772,0.2,0.1028,1,1
item,High-Stakes Misalignment,risk,Inconsistent,0.1757,0.0772,0.2,0.25,1,1
item,Historical Revisionism,risk,Inconsistent,0.1267,0.0772,0.2,0.1028,1,1
item,Honesty,virtue,Inconsistent,0.2615,0.3382,0.0475,0.3986,4,6
item,Honesty and Humility,virtue,Inconsistent,0.1267,0.0772,0.2,0.1028,1,1
item,Human Misuse,risk,Inconsistent,0.1267,0.0772,0.2,0.1028,1,1
item,Human Extinction,risk,Inconsistent,0.1757,0.0772,0.2,0.25,1,1
item,Human Feedback,risk,Inconsistent,0.1267,0.0772,0.2,0.1028,1,1
item,Human Impersonation,risk,Inconsistent,0.1757,0.0772,0.2,0.25,1,1
item,Human Preferences,virtue,Inconsistent,0.2035,0.0772,0.2,0.3333,1,1
item,Human Rights Alignment,risk,Inconsistent,0.1434,0.0772,0.2,0.1529,1,1
item,Human Rights Conflicts,risk,Inconsistent,0.1267,0.0772,0.2,0.1028,1,1
item,Human-Directed Goals,virtue,Inconsistent,0.1434,0.0772,0.2,0.1529,1,1
item,Humanity Harm,risk,Inconsistent,0.1267,0.0772,0.2,0.1028,1,1
item,Identifying People,risk,Inconsistent,0.2285,0.0772,0.2,0.4083,1,1
item,Illegal Content,risk,Inconsistent,0.1633,0.2316,0.062,0.1963,3,3
item,Illegal Activities,risk,Inconsistent,0.2866,0.3824,0.0981,0.3793,4,9
item,Illegal Activity Assistance,risk,Inconsistent,0.1757,0.0772,0.2,0.25,1,1
item,Illegal Assistance,risk,Inconsistent,0.1267,0.0772,0.2,0.1028,1,1
item,Illegal Content Filtering,risk,Inconsistent,0.2035,0.0772,0.2,0.3333,1,1
item,Illegal Discrimination,risk,Inconsistent,0.1757,0.0772,0.2,0.25,1,1
item,Illegality Principle,risk,Inconsistent,0.1434,0.0772,0.2,0.1529,1,1
item,Illegitimate Power Seizure,risk,Inconsistent,0.1757,0.0772,0.2,0.25,1,1
item,Illicit Activities,risk,Inconsistent,0.2035,0.0772,0.2,0.3333,1,1
item,Illicit Activity Instructions,risk,Inconsistent,0.1267,0.0772,0.2,0.1028,1,1
item,Illicit Violence,risk,Inconsistent,0.1659,0.0919,0.2,0.2057,1,2
item,Image Generation Risks,risk,Inconsistent,0.1267,0.0772,0.2,0.1028,1,1
item,Image Inputs,risk,Inconsistent,0.1409,0.0919,0.2,0.1307,1,2
item,Image-To-Text Safety,risk,Inconsistent,0.1692,0.0919,0.2,0.2157,1,2
item,Imitative Falsehoods,risk,Inconsistent,0.1267,0.0772,0.2,0.1028,1,1
item,Imminent Real-World Harm,risk,Inconsistent,0.1267,0.0772,0.2,0.1028,1,1
item,Impersonation,risk,Inconsistent,0.2035,0.0772,0.2,0.3333,1,1
item,Impersonation And Fraud,risk,Inconsistent,0.2035,0.0772,0.2,0.3333,1,1
item,Impossible Facts,risk,Inconsistent,0.1267,0.0772,0.2,0.1028,1,1
item,Improved Monitorability,virtue,Inconsistent,0.1267,0.0772,0.2,0.1028,1,1
item,Inaccuracy,risk,Inconsistent,0.2285,0.0772,0.2,0.4083,1,1
item,Inaccurate AI Content,risk,Inconsistent,0.2035,0.0772,0.2,0.3333,1,1
item,Inaccurate Facts,risk,Inconsistent,0.2035,0.0772,0.2,0.3333,1,1
item,Inaccurate Information,risk,Inconsistent,0.1937,0.2316,0.0513,0.2982,3,3
item,Inaccurate Outputs,risk,Inconsistent,0.142,0.1544,0.0536,0.2181,2,2
item,Inappropriate Content,risk,Inconsistent,0.2285,0.0772,0.2,0.4083,1,1
item,Inclusiveness And Representativeness,virtue,Inconsistent,0.1267,0.0772,0.2,0.1028,1,1
item,Incoherence,risk,Inconsistent,0.1267,0.0772,0.2,0.1028,1,1
item,Incorrect Refusals,risk,Inconsistent,0.1673,0.1691,0.1001,0.2329,2,3
item,Increased Compute,risk,Inconsistent,0.1434,0.0772,0.2,0.1529,1,1
item,Indirect Jailbreaks,risk,Inconsistent,0.2285,0.0772,0.2,0.4083,1,1
item,Indirect Prompt Injection,risk,Inconsistent,0.2358,0.3088,0.1699,0.2285,4,4
item,Individualized Propaganda,risk,Inconsistent,0.1267,0.0772,0.2,0.1028,1,1
item,Influence Operations,risk,Inconsistent,0.1267,0.0772,0.2,0.1028,1,1
item,Information Hazards,risk,Inconsistent,0.0941,0.1544,0.0,0.1279,2,2
item,Information Integrity,risk,Inconsistent,0.1434,0.0772,0.2,0.1529,1,1
item,Infringing Output,risk,Inconsistent,0.1267,0.0772,0.2,0.1028,1,1
item,Insecure Code Generation,risk,Inconsistent,0.1707,0.1544,0.1021,0.2556,2,2
item,Instruction Following,virtue,Inconsistent,0.1325,0.1544,0.0,0.2431,2,2
item,Instruction Hierarchy,virtue,Inconsistent,0.1551,0.1066,0.2,0.1585,1,3
item,Instruction Hierarchy Adherence,virtue,Inconsistent,0.2285,0.0772,0.2,0.4083,1,1
item,Instruction-Following Failures,risk,Inconsistent,0.1267,0.0772,0.2,0.1028,1,1
item,Instruction-Following Gaps,risk,Inconsistent,0.2035,0.0772,0.2,0.3333,1,1
item,Instrumental Reasoning,risk,Inconsistent,0.1434,0.0772,0.2,0.1529,1,1
item,Intellectual Property Infringement,risk,Inconsistent,0.2035,0.0772,0.2,0.3333,1,1
item,Intellectual Property Rights,risk,Inconsistent,0.1434,0.0772,0.2,0.1529,1,1
item,Intentional Harm,risk,Inconsistent,0.2285,0.0772,0.2,0.4083,1,1
item,Internal Deployment Misalignment,risk,Inconsistent,0.1267,0.0772,0.2,0.1028,1,1
item,Internal Misalignment Deployment,risk,Inconsistent,0.1267,0.0772,0.2,0.1028,1,1
item,Internal Policy Violations,risk,Inconsistent,0.1267,0.0772,0.2,0.1028,1,1
item,International Standards,virtue,Inconsistent,0.1434,0.0772,0.2,0.1529,1,1
item,Interpretable Circuits,virtue,Inconsistent,0.1267,0.0772,0.2,0.1028,1,1
item,Intervention Degradation,risk,Inconsistent,0.1267,0.0772,0.2,0.1028,1,1
item,Iranian Influence Operations,risk,Inconsistent,0.1267,0.0772,0.2,0.1028,1,1
item,Jailbreaks,risk,Consistent,0.5822,0.9375,0.1636,0.6455,7,41
item,Jailbreak Benchmarks,risk,Inconsistent,0.1757,0.0772,0.2,0.25,1,1
item,Judgmental Harassment,risk,Inconsistent,0.1267,0.0772,0.2,0.1028,1,1
item,Judgmental Tone,virtue,Inconsistent,0.1267,0.0772,0.2,0.1028,1,1
item,Knowing Hallucinations,risk,Inconsistent,0.1757,0.0772,0.2,0.25,1,1
item,Knowingly False Assertions,risk,Inconsistent,0.1757,0.0772,0.2,0.25,1,1
item,Lab Bench,risk,Inconsistent,0.1757,0.0772,0.2,0.25,1,1
item,Labor Market Disruption,risk,Inconsistent,0.1267,0.0772,0.2,0.1028,1,1
item,Language Consistency,virtue,Inconsistent,0.2035,0.0772,0.2,0.3333,1,1
item,Language Mixing,risk,Inconsistent,0.2035,0.0772,0.2,0.3333,1,1
item,Length Reward Models,risk,Inconsistent,0.2035,0.0772,0.2,0.3333,1,1
item,Likeness Generation,risk,Inconsistent,0.1267,0.0772,0.2,0.1028,1,1
item,Logical Incoherence,risk,Inconsistent,0.1267,0.0772,0.2,0.1028,1,1
item,Long-Form Virology,risk,Inconsistent,0.1757,0.0772,0.2,0.25,1,1
item,Long-Range Autonomy,risk,Inconsistent,0.1267,0.0772,0.2,0.1028,1,1
item,Loss of Control,risk,Inconsistent,0.2441,0.1691,0.1008,0.4625,2,3
item,Low Cyber Uplift,risk,Inconsistent,0.1434,0.0772,0.2,0.1529,1,1
item,Low-Risk Dual-Use Biology,risk,Inconsistent,0.1267,0.0772,0.2,0.1028,1,1
item,Low-Risk Dual-Use Cyber Behavior,risk,Inconsistent,0.1409,0.0919,0.2,0.1307,1,2
item,Machine Learning R&D,risk,Inconsistent,0.1434,0.0772,0.2,0.1529,1,1
item,Malicious Content,risk,Inconsistent,0.1434,0.0772,0.2,0.1529,1,1
item,Malicious Actions,risk,Inconsistent,0.1409,0.0919,0.2,0.1307,1,2
item,Malicious Code Generation,risk,Inconsistent,0.1267,0.0772,0.2,0.1028,1,1
item,Malicious Code Use,risk,Inconsistent,0.264,0.0919,0.2,0.5,1,2
item,Malicious Coding Use,risk,Inconsistent,0.1757,0.0772,0.2,0.25,1,1
item,Malicious Computer Use,risk,Inconsistent,0.3654,0.1213,0.2,0.775,1,4
item,Malicious Fine-Tuning,risk,Inconsistent,0.1267,0.0772,0.2,0.1028,1,1
item,Malicious Intent,risk,Inconsistent,0.1267,0.0772,0.2,0.1028,1,1
item,Malicious Side Tasks,risk,Inconsistent,0.1267,0.0772,0.2,0.1028,1,1
item,Malicious Use,risk,Inconsistent,0.3111,0.3824,0.1346,0.4164,4,9
item,Malicious Use Or Loss Of Control,risk,Inconsistent,0.2035,0.0772,0.2,0.3333,1,1
item,Malware Generation,risk,Inconsistent,0.202,0.1544,0.1961,0.2556,2,2
item,"Malware, Credential Theft, Exploitation",risk,Inconsistent,0.1267,0.0772,0.2,0.1028,1,1
item,Malware Development,risk,Inconsistent,0.2285,0.0772,0.2,0.4083,1,1
item,Manipulative Persuasion,risk,Inconsistent,0.1267,0.0772,0.2,0.1028,1,1
item,Mass Casualty CBRN Uplift,risk,Inconsistent,0.1757,0.0772,0.2,0.25,1,1
item,Mass Content Distribution,risk,Inconsistent,0.1757,0.0772,0.2,0.25,1,1
item,Mass Manipulation,risk,Inconsistent,0.1267,0.0772,0.2,0.1028,1,1
item,Medical Advice,virtue,Inconsistent,0.1992,0.0919,0.2,0.3057,1,2
item,Membership Inference,risk,Inconsistent,0.1434,0.0772,0.2,0.1529,1,1
item,Memorization,risk,Inconsistent,0.1692,0.0919,0.2,0.2157,1,2
item,Mental Health,risk,Inconsistent,0.1551,0.1066,0.2,0.1585,1,3
item,Mental Health Crises,risk,Inconsistent,0.1267,0.0772,0.2,0.1028,1,1
item,Mental Health Encouragement,risk,Inconsistent,0.1267,0.0772,0.2,0.1028,1,1
item,Mental Illness Encouragement,risk,Inconsistent,0.1801,0.1066,0.2,0.2335,1,3
item,Minority Opinion Empowerment,virtue,Inconsistent,0.1267,0.0772,0.2,0.1028,1,1
item,Misaligned Behavior,risk,Inconsistent,0.1912,0.1838,0.037,0.3528,2,4
item,Misaligned AI,risk,Inconsistent,0.1267,0.0772,0.2,0.1028,1,1
item,Misaligned Goals,risk,Inconsistent,0.1267,0.0772,0.2,0.1028,1,1
item,Misalignment,risk,Inconsistent,0.1799,0.2463,0.1039,0.1895,3,4
item,Miscalibration,risk,Inconsistent,0.2285,0.0772,0.2,0.4083,1,1
item,Misinformation,risk,Inconsistent,0.3002,0.3199,0.0697,0.511,3,9
item,Misinformation-Prone Images,risk,Inconsistent,0.1267,0.0772,0.2,0.1028,1,1
item,Misleading Content,risk,Inconsistent,0.1267,0.0772,0.2,0.1028,1,1
item,Misleading Outputs,risk,Inconsistent,0.2285,0.0772,0.2,0.4083,1,1
item,Misleading Users or Developers,risk,Inconsistent,0.1267,0.0772,0.2,0.1028,1,1
item,Missing Information,risk,Inconsistent,0.1434,0.0772,0.2,0.1529,1,1
item,Misuse,risk,Inconsistent,0.1468,0.1544,0.0845,0.2014,2,2
item,ML R&D Autonomy,risk,Inconsistent,0.1434,0.0772,0.2,0.1529,1,1
item,ML System Accidents,risk,Inconsistent,0.1434,0.0772,0.2,0.1529,1,1
item,Model Autonomy,risk,Inconsistent,0.2368,0.1654,0.2,0.3449,1,7
item,Model Bias,risk,Inconsistent,0.1267,0.0772,0.2,0.1028,1,1
item,Model Extraction,risk,Inconsistent,0.1434,0.0772,0.2,0.1529,1,1
item,Model Improvement,virtue,Inconsistent,0.2336,0.1544,0.2132,0.3333,2,2
item,Model Improvement From Interactions,virtue,Inconsistent,0.2285,0.0772,0.2,0.4083,1,1
item,Model Information Theft,risk,Inconsistent,0.2035,0.0772,0.2,0.3333,1,1
item,Model Training,virtue,Inconsistent,0.1937,0.1691,0.0274,0.3848,2,3
item,Model Training And Improvement,virtue,Inconsistent,0.2035,0.0772,0.2,0.3333,1,1
item,Model Training Data Privacy,risk,Inconsistent,0.2035,0.0772,0.2,0.3333,1,1
item,Model Training on User Content,risk,Inconsistent,0.1267,0.0772,0.2,0.1028,1,1
item,Model Weight Protection,risk,Inconsistent,0.1757,0.0772,0.2,0.25,1,1
item,Model Weight Theft,risk,Inconsistent,0.1267,0.0772,0.2,0.1028,1,1
item,Monitorability,virtue,Inconsistent,0.1267,0.0772,0.2,0.1028,1,1
item,Monitorability Degradation,risk,Inconsistent,0.1267,0.0772,0.2,0.1028,1,1
item,Multi-Turn Degradation,risk,Inconsistent,0.1434,0.0772,0.2,0.1529,1,1
item,Multi-Turn Testing,risk,Inconsistent,0.1757,0.0772,0.2,0.25,1,1
item,Multilingual Safety,risk,Inconsistent,0.1692,0.0919,0.2,0.2157,1,2
item,Multilingual Hallucinations,risk,Inconsistent,0.1757,0.0772,0.2,0.25,1,1
item,Multilingual Jailbreaks,risk,Inconsistent,0.1267,0.0772,0.2,0.1028,1,1
item,Multimodal Harmful Queries,risk,Inconsistent,0.1434,0.0772,0.2,0.1529,1,1
item,Negative Side Effects,risk,Inconsistent,0.1434,0.0772,0.2,0.1529,1,1
item,No Training On Customer Data,risk,Inconsistent,0.2285,0.0772,0.2,0.4083,1,1
item,Non-Manipulation,virtue,Inconsistent,0.1757,0.0772,0.2,0.25,1,1
item,Non-Violent Illegal Activities,risk,Inconsistent,0.1267,0.0772,0.2,0.1028,1,1
item,Non-Violent Illegal Activity,risk,Inconsistent,0.1267,0.0772,0.2,0.1028,1,1
item,Non-Violent Illicit Activities,risk,Inconsistent,0.1267,0.0772,0.2,0.1028,1,1
item,Nonviolent Illegal Activities,risk,Inconsistent,0.1267,0.0772,0.2,0.1028,1,1
item,Nonviolent Illegal Activity,risk,Inconsistent,0.1267,0.0772,0.2,0.1028,1,1
item,Novel Chemical-Biological Weapons,risk,Inconsistent,0.1267,0.0772,0.2,0.1028,1,1
item,Novel Pathogen Creation,risk,Inconsistent,0.1267,0.0772,0.2,0.1028,1,1
item,Novel Severe Threats,risk,Inconsistent,0.1757,0.0772,0.2,0.25,1,1
item,Novice Uplift,risk,Inconsistent,0.1267,0.0772,0.2,0.1028,1,1
item,Nuclear Threat Creation,risk,Inconsistent,0.1801,0.1066,0.2,0.2335,1,3
item,Nuclear and Radiological,risk,Inconsistent,0.1267,0.0772,0.2,0.1028,1,1
item,Obfuscated Chain-of-Thought,risk,Inconsistent,0.1267,0.0772,0.2,0.1028,1,1
item,Obfuscated Reward Hacking,risk,Inconsistent,0.1267,0.0772,0.2,0.1028,1,1
item,Objectionable Content,risk,Inconsistent,0.2035,0.0772,0.2,0.3333,1,1
item,Objective by Default,virtue,Inconsistent,0.1267,0.0772,0.2,0.1028,1,1
item,Objective Overconfidence,risk,Inconsistent,0.1267,0.0772,0.2,0.1028,1,1
item,Objective Tone,virtue,Inconsistent,0.1434,0.0772,0.2,0.1529,1,1
item,Offensive Content,risk,Inconsistent,0.2035,0.0772,0.2,0.3333,1,1
item,Offensive Cyber Capabilities,risk,Inconsistent,0.1267,0.0772,0.2,0.1028,1,1
item,Offensive Cyber Operations,risk,Inconsistent,0.1784,0.1691,0.0563,0.3098,2,3
item,Offensive Cybersecurity,risk,Inconsistent,0.1773,0.1838,0.1123,0.2357,2,4
item,Open-Weight Abuse Risk,risk,Inconsistent,0.1267,0.0772,0.2,0.1028,1,1
item,Operational Execution Bottlenecks,risk,Inconsistent,0.2285,0.0772,0.2,0.4083,1,1
item,Operational Manipulation,risk,Inconsistent,0.1267,0.0772,0.2,0.1028,1,1
item,Operator Deception,risk,Inconsistent,0.1267,0.0772,0.2,0.1028,1,1
item,Other Safety Issues,risk,Inconsistent,0.2035,0.0772,0.2,0.3333,1,1
item,Other Objectionable Content,risk,Inconsistent,0.2285,0.0772,0.2,0.4083,1,1
item,Out-of-Context Goals,risk,Inconsistent,0.1267,0.0772,0.2,0.1028,1,1
item,Outdated Information,risk,Inconsistent,0.2285,0.0772,0.2,0.4083,1,1
item,Output Accuracy,risk,Inconsistent,0.2035,0.0772,0.2,0.3333,1,1
item,Output Diversity,virtue,Inconsistent,0.1267,0.0772,0.2,0.1028,1,1
item,Output Moderation,risk,Inconsistent,0.2035,0.0772,0.2,0.3333,1,1
item,Over-Refusal,risk,Inconsistent,0.3565,0.4375,0.1337,0.4983,3,17
item,Over-Reliance,risk,Inconsistent,0.1659,0.0919,0.2,0.2057,1,2
item,Overly Agentic GUI Use,risk,Inconsistent,0.1757,0.0772,0.2,0.25,1,1
item,Overreliance,risk,Inconsistent,0.2285,0.0772,0.2,0.4083,1,1
item,Oversight Evasion,risk,Inconsistent,0.2035,0.0772,0.2,0.3333,1,1
item,Oversight Sabotage,risk,Inconsistent,0.1267,0.0772,0.2,0.1028,1,1
item,P-Hacking,risk,Inconsistent,0.1267,0.0772,0.2,0.1028,1,1
item,Participation Washing,risk,Inconsistent,0.1267,0.0772,0.2,0.1028,1,1
item,Patient Harm,risk,Inconsistent,0.1434,0.0772,0.2,0.1529,1,1
item,Performance Evaluation,risk,Inconsistent,0.2035,0.0772,0.2,0.3333,1,1
item,Person Identification,risk,Inconsistent,0.1267,0.0772,0.2,0.1028,1,1
item,Personal Data,risk,Inconsistent,0.1409,0.0919,0.2,0.1307,1,2
item,Personal Data Disclosure,risk,Inconsistent,0.1434,0.0772,0.2,0.1529,1,1
item,Personal Data Exposure,risk,Inconsistent,0.153,0.1544,0.1768,0.1279,2,2
item,Personal Data Training,risk,Inconsistent,0.2035,0.0772,0.2,0.3333,1,1
item,Personal Information,risk,Inconsistent,0.1659,0.0919,0.2,0.2057,1,2
item,Personal Misinformation,risk,Inconsistent,0.2035,0.0772,0.2,0.3333,1,1
item,Personalized Assistants,virtue,Inconsistent,0.1267,0.0772,0.2,0.1028,1,1
item,Personally Identifiable Information,risk,Inconsistent,0.2285,0.1691,0.3572,0.1593,2,3
item,Persuasion,risk,Inconsistent,0.2711,0.364,0.0811,0.3684,3,12
item,Persuasion And Deception,risk,Inconsistent,0.1434,0.0772,0.2,0.1529,1,1
item,Persuasiveness,risk,Inconsistent,0.2695,0.0919,0.2,0.5167,1,2
item,Pig Butchering Scams,risk,Inconsistent,0.1267,0.0772,0.2,0.1028,1,1
item,PII Disclosure,risk,Inconsistent,0.1434,0.0772,0.2,0.1529,1,1
item,Policy Violations,risk,Inconsistent,0.1267,0.0772,0.2,0.1028,1,1
item,Policy Compliance,virtue,Inconsistent,0.1198,0.1691,0.0,0.1903,2,3
item,Policy Drift,risk,Inconsistent,0.2035,0.0772,0.2,0.3333,1,1
item,Policy Gray Areas,risk,Inconsistent,0.1267,0.0772,0.2,0.1028,1,1
item,Policy Or Legal Violations,risk,Inconsistent,0.1267,0.0772,0.2,0.1028,1,1
item,Policy-Violating Content,risk,Inconsistent,0.2793,0.1691,0.3216,0.3473,2,3
item,Policy-Violating Conversations,risk,Inconsistent,0.1267,0.0772,0.2,0.1028,1,1
item,Political Content,risk,Inconsistent,0.1267,0.0772,0.2,0.1028,1,1
item,Political Bias,risk,Inconsistent,0.361,0.364,0.1765,0.5427,3,12
item,Political Expression,risk,Inconsistent,0.1267,0.0772,0.2,0.1028,1,1
item,Political Favoritism,virtue,Inconsistent,0.1267,0.0772,0.2,0.1028,1,1
item,Political Manipulation,risk,Inconsistent,0.1267,0.0772,0.2,0.1028,1,1
item,Political Neutrality,virtue,Inconsistent,0.2036,0.2132,0.0766,0.3211,2,6
item,Political Prompt Compliance,virtue,Inconsistent,0.2285,0.0772,0.2,0.4083,1,1
item,Political Refusals,risk,Inconsistent,0.1267,0.0772,0.2,0.1028,1,1
item,Popular Falsehoods,risk,Inconsistent,0.1757,0.0772,0.2,0.25,1,1
item,Potentially Harmful Responses,risk,Inconsistent,0.1757,0.0772,0.2,0.25,1,1
item,Power Concentration,risk,Inconsistent,0.1267,0.0772,0.2,0.1028,1,1
item,Practical Helpfulness,virtue,Inconsistent,0.2035,0.0772,0.2,0.3333,1,1
item,Preachy Language,virtue,Inconsistent,0.2285,0.0772,0.2,0.4083,1,1
item,Privacy,risk,Inconsistent,0.4137,0.5331,0.1808,0.5272,5,15
item,Privacy and Data Security,risk,Inconsistent,0.1267,0.0772,0.2,0.1028,1,1
item,Privacy and Security,risk,Inconsistent,0.2061,0.1544,0.1833,0.2806,2,2
item,Privacy Protection,risk,Inconsistent,0.1267,0.0772,0.2,0.1028,1,1
item,Privacy Rights Infringement,risk,Inconsistent,0.2035,0.0772,0.2,0.3333,1,1
item,Private Person Defamation,risk,Inconsistent,0.1434,0.0772,0.2,0.1529,1,1
item,Pro-AI Bias,risk,Inconsistent,0.1757,0.0772,0.2,0.25,1,1
item,Problem Solving,virtue,Inconsistent,0.1267,0.0772,0.2,0.1028,1,1
item,Professional Advice,virtue,Inconsistent,0.1267,0.0772,0.2,0.1028,1,1
item,Prohibited Content,risk,Inconsistent,0.1242,0.1544,0.0,0.2181,2,2
item,Promotion of Violence,risk,Inconsistent,0.1434,0.0772,0.2,0.1529,1,1
item,Prompt Extraction,risk,Inconsistent,0.1434,0.0772,0.2,0.1529,1,1
item,Prompt Injection,risk,Consistent,0.5142,0.7243,0.2928,0.5257,5,28
item,Prompt Protection,risk,Inconsistent,0.1267,0.0772,0.2,0.1028,1,1
item,Protect User Changes,virtue,Inconsistent,0.1267,0.0772,0.2,0.1028,1,1
item,Protected Material,risk,Inconsistent,0.2945,0.0919,0.2,0.5917,1,2
item,Protected Attributes Use,risk,Inconsistent,0.1267,0.0772,0.2,0.1028,1,1
item,Protected Class Bias,risk,Inconsistent,0.1267,0.0772,0.2,0.1028,1,1
item,Protected Class Stereotyping,risk,Inconsistent,0.1757,0.0772,0.2,0.25,1,1
item,Protected-Class Hate,risk,Inconsistent,0.1267,0.0772,0.2,0.1028,1,1
item,Pseudoscience Critiques,risk,Inconsistent,0.1267,0.0772,0.2,0.1028,1,1
item,Psychological Manipulation,risk,Inconsistent,0.1757,0.0772,0.2,0.25,1,1
item,QA Bias Benchmarks,risk,Inconsistent,0.1757,0.0772,0.2,0.25,1,1
item,Racing To AGI,risk,Inconsistent,0.1267,0.0772,0.2,0.1028,1,1
item,Racism Or Sexism,risk,Inconsistent,0.1757,0.0772,0.2,0.25,1,1
item,Racist Roleplay,risk,Inconsistent,0.1267,0.0772,0.2,0.1028,1,1
item,Radiological And Nuclear Risks,risk,Inconsistent,0.2677,0.1544,0.4472,0.2014,2,2
item,Re-Identification,risk,Inconsistent,0.2035,0.0772,0.2,0.3333,1,1
item,Reasoning Capabilities,virtue,Inconsistent,0.2035,0.0772,0.2,0.3333,1,1
item,Reasoning Change Inference,virtue,Inconsistent,0.1267,0.0772,0.2,0.1028,1,1
item,Reasoning Compression,risk,Inconsistent,0.1267,0.0772,0.2,0.1028,1,1
item,Reasoning Errors,risk,Inconsistent,0.1267,0.0772,0.2,0.1028,1,1
item,Reasoning Faithfulness,virtue,Inconsistent,0.2265,0.0919,0.2,0.3875,1,2
item,Reasoning Obfuscation,risk,Inconsistent,0.1267,0.0772,0.2,0.1028,1,1
item,Reasoning Retention,virtue,Inconsistent,0.2035,0.0772,0.2,0.3333,1,1
item,Recitation,risk,Inconsistent,0.1434,0.0772,0.2,0.1529,1,1
item,Red Teaming Limits,risk,Inconsistent,0.1267,0.0772,0.2,0.1028,1,1
item,Reduced Harmfulness,virtue,Inconsistent,0.1267,0.0772,0.2,0.1028,1,1
item,Refusals,risk,Inconsistent,0.2448,0.2463,0.0965,0.3917,3,4
item,Refusal Compliance,virtue,Inconsistent,0.1757,0.0772,0.2,0.25,1,1
item,Refusal Tone,virtue,Inconsistent,0.2133,0.1691,0.1586,0.312,2,3
item,Regional Cultural Bias,risk,Inconsistent,0.2035,0.0772,0.2,0.3333,1,1
item,Regulated Advice Safe Completions,virtue,Inconsistent,0.1267,0.0772,0.2,0.1028,1,1
item,Reliable Monitoring,risk,Inconsistent,0.2285,0.0772,0.2,0.4083,1,1
item,Representational Harms,risk,Inconsistent,0.2509,0.1213,0.2,0.4314,1,4
item,Representational Bias,risk,Inconsistent,0.187,0.1838,0.1416,0.2357,2,4
item,Response Safety,virtue,Inconsistent,0.1757,0.0772,0.2,0.25,1,1
item,Response Diversity,virtue,Inconsistent,0.2285,0.0772,0.2,0.4083,1,1
item,Response Style Guidelines,virtue,Inconsistent,0.1267,0.0772,0.2,0.1028,1,1
item,Responsible AI Development,virtue,Inconsistent,0.1434,0.0772,0.2,0.1529,1,1
item,Restricted CBRN Knowledge,risk,Inconsistent,0.2695,0.0919,0.2,0.5167,1,2
item,Restricted Content Categories,risk,Inconsistent,0.1267,0.0772,0.2,0.1028,1,1
item,Restricted Features,risk,Inconsistent,0.2285,0.0772,0.2,0.4083,1,1
item,Restricted Licensed Code,risk,Inconsistent,0.1267,0.0772,0.2,0.1028,1,1
item,Review AI Interactions,virtue,Inconsistent,0.2285,0.0772,0.2,0.4083,1,1
item,Reward Exploitation,risk,Inconsistent,0.1267,0.0772,0.2,0.1028,1,1
item,Reward Hacking,risk,Inconsistent,0.3974,0.5331,0.2411,0.4179,5,15
item,Reward Misspecification,risk,Inconsistent,0.1267,0.0772,0.2,0.1028,1,1
item,Rogue Actions,risk,Inconsistent,0.1434,0.0772,0.2,0.1529,1,1
item,Rogue Replication,risk,Inconsistent,0.1267,0.0772,0.2,0.1028,1,1
item,Romantic Roleplay With Minors,risk,Inconsistent,0.1267,0.0772,0.2,0.1028,1,1
item,Rubric Reliability,risk,Inconsistent,0.1267,0.0772,0.2,0.1028,1,1
item,Sabotage,risk,Inconsistent,0.2808,0.2426,0.1927,0.4071,2,8
item,Safe Behavior,virtue,Inconsistent,0.2005,0.1544,0.1179,0.3292,2,2
item,Safe AGI Development,virtue,Inconsistent,0.1267,0.0772,0.2,0.1028,1,1
item,Safe And Accurate,virtue,Inconsistent,0.1267,0.0772,0.2,0.1028,1,1
item,Safe Completions,virtue,Inconsistent,0.1267,0.0772,0.2,0.1028,1,1
item,Safe Development And Deployment,virtue,Inconsistent,0.1757,0.0772,0.2,0.25,1,1
item,Safe Exploration,virtue,Inconsistent,0.1434,0.0772,0.2,0.1529,1,1
item,Safeguard Undermining,risk,Inconsistent,0.1267,0.0772,0.2,0.1028,1,1
item,Safety,virtue,Inconsistent,0.3323,0.3824,0.1452,0.4693,4,9
item,Safety Benchmarks,virtue,Inconsistent,0.2285,0.0772,0.2,0.4083,1,1
item,Safety Benchmark Results,risk,Inconsistent,0.1434,0.0772,0.2,0.1529,1,1
item,Safety Compliance,risk,Inconsistent,0.2035,0.0772,0.2,0.3333,1,1
item,Safety Content Policies,risk,Inconsistent,0.1267,0.0772,0.2,0.1028,1,1
item,Safety Filters,risk,Inconsistent,0.1692,0.0919,0.2,0.2157,1,2
item,Safety Fine-Tuning,virtue,Inconsistent,0.2285,0.0772,0.2,0.4083,1,1
item,Safety Mechanisms,risk,Inconsistent,0.2035,0.0772,0.2,0.3333,1,1
item,Safety Training Tests,risk,Inconsistent,0.1267,0.0772,0.2,0.1028,1,1
item,Sandbagging,risk,Inconsistent,0.2483,0.2868,0.064,0.3941,2,11
item,Scalable Oversight,risk,Inconsistent,0.1438,0.1544,0.1491,0.1279,2,2
item,Scaled Account Creation,risk,Inconsistent,0.1757,0.0772,0.2,0.25,1,1
item,Scheming,risk,Inconsistent,0.2468,0.2426,0.1212,0.3766,2,8
item,Security Risks,risk,Inconsistent,0.1992,0.0919,0.2,0.3057,1,2
item,Security Strengthening,virtue,Inconsistent,0.1434,0.0772,0.2,0.1529,1,1
item,Selective Performance,risk,Inconsistent,0.2285,0.0772,0.2,0.4083,1,1
item,Self-Awareness,risk,Inconsistent,0.1267,0.0772,0.2,0.1028,1,1
item,Self-Exfiltration Or Sabotage,risk,Inconsistent,0.1267,0.0772,0.2,0.1028,1,1
item,Self-Harm,risk,Inconsistent,0.33,0.3787,0.1704,0.441,3,13
item,Self-Harm Encouragement,risk,Inconsistent,0.1267,0.0772,0.2,0.1028,1,1
item,Self-Harm Imagery,risk,Inconsistent,0.1267,0.0772,0.2,0.1028,1,1
item,Self-Harm Instructions,risk,Inconsistent,0.1267,0.0772,0.2,0.1028,1,1
item,Self-Harm Intent,risk,Inconsistent,0.1267,0.0772,0.2,0.1028,1,1
item,Self-Harm Safe Completions,virtue,Inconsistent,0.1267,0.0772,0.2,0.1028,1,1
item,Self-Improvement,risk,Inconsistent,0.1551,0.1066,0.2,0.1585,1,3
item,Self-Preference Bias,risk,Inconsistent,0.1271,0.1544,0.0506,0.1764,2,2
item,Self-Preservation,risk,Inconsistent,0.1757,0.0772,0.2,0.25,1,1
item,Self-Proliferation,risk,Inconsistent,0.2251,0.1066,0.2,0.3686,1,3
item,Self-Replication,risk,Inconsistent,0.145,0.1544,0.0,0.2806,2,2
item,Self-Serving Bias,risk,Inconsistent,0.1757,0.0772,0.2,0.25,1,1
item,Sensitive Content,risk,Inconsistent,0.1113,0.1544,0.0517,0.1279,2,2
item,Sensitive Attribute Inference,risk,Inconsistent,0.1267,0.0772,0.2,0.1028,1,1
item,Sensitive Data Disclosure,risk,Inconsistent,0.1434,0.0772,0.2,0.1529,1,1
item,Sensitive Data Filtering,risk,Inconsistent,0.1434,0.0772,0.2,0.1529,1,1
item,Sensitive Information,risk,Inconsistent,0.1267,0.0772,0.2,0.1028,1,1
item,Sensitive Information Release,risk,Inconsistent,0.1434,0.0772,0.2,0.1529,1,1
item,Sensitive Personal Data,risk,Inconsistent,0.388,0.2757,0.4924,0.396,3,6
item,Sensitive Personal Information,risk,Inconsistent,0.1267,0.0772,0.2,0.1028,1,1
item,Sensitive Trait Attribution,risk,Inconsistent,0.1267,0.0772,0.2,0.1028,1,1
item,Serious Safety Problems,risk,Inconsistent,0.1267,0.0772,0.2,0.1028,1,1
item,Service Improvement Use,virtue,Inconsistent,0.1267,0.0772,0.2,0.1028,1,1
item,Service Security Endangerment,risk,Inconsistent,0.2035,0.0772,0.2,0.3333,1,1
item,Severe Harm,risk,Inconsistent,0.1472,0.1544,0.1107,0.1764,2,2
item,Severe Misalignment,risk,Inconsistent,0.1267,0.0772,0.2,0.1028,1,1
item,Sexual Content,risk,Inconsistent,0.2885,0.2574,0.1801,0.4281,2,9
item,Sexual Exploitation,risk,Inconsistent,0.1267,0.0772,0.2,0.1028,1,1
item,Sexual Minors,risk,Inconsistent,0.2226,0.1507,0.2,0.3171,1,6
item,Sexual Or Violent Roleplay,risk,Inconsistent,0.1267,0.0772,0.2,0.1028,1,1
item,Sexualization,risk,Inconsistent,0.1434,0.0772,0.2,0.1529,1,1
item,Sexually Explicit Content,risk,Inconsistent,0.3221,0.1838,0.4316,0.351,2,4
item,Sexually Explicit Jailbreaks,risk,Inconsistent,0.1267,0.0772,0.2,0.1028,1,1
item,Shortcut Inference,risk,Inconsistent,0.1267,0.0772,0.2,0.1028,1,1
item,Shutdown Tampering,risk,Inconsistent,0.1267,0.0772,0.2,0.1028,1,1
item,Simple QA,virtue,Inconsistent,0.1757,0.0772,0.2,0.25,1,1
item,Situational Awareness,risk,Inconsistent,0.1345,0.1691,0.0552,0.1793,2,3
item,Social Engineering Automation,risk,Inconsistent,0.1267,0.0772,0.2,0.1028,1,1
item,Societal Risks,risk,Inconsistent,0.1434,0.0772,0.2,0.1529,1,1
item,Societal Bias Harm,risk,Inconsistent,0.1267,0.0772,0.2,0.1028,1,1
item,Societal Catastrophic Risks,risk,Inconsistent,0.1267,0.0772,0.2,0.1028,1,1
item,Societal Disruption,risk,Inconsistent,0.1267,0.0772,0.2,0.1028,1,1
item,Socio-Economic Risks,risk,Inconsistent,0.1267,0.0772,0.2,0.1028,1,1
item,Software Vulnerabilities,risk,Inconsistent,0.1267,0.0772,0.2,0.1028,1,1
item,Spam And Malware Links,risk,Inconsistent,0.2285,0.0772,0.2,0.4083,1,1
item,Spam Promotions,risk,Inconsistent,0.1267,0.0772,0.2,0.1028,1,1
item,Speaker Identification,risk,Inconsistent,0.1267,0.0772,0.2,0.1028,1,1
item,Special Interest Manipulation,risk,Inconsistent,0.1267,0.0772,0.2,0.1028,1,1
item,Specific Concerns,risk,Inconsistent,0.2285,0.0772,0.2,0.4083,1,1
item,Specification Gaming,risk,Inconsistent,0.1434,0.0772,0.2,0.1529,1,1
item,Speech Recognition Improvement,virtue,Inconsistent,0.2285,0.0772,0.2,0.4083,1,1
item,Sponsored Discontent,risk,Inconsistent,0.1267,0.0772,0.2,0.1028,1,1
item,Spreading Misinformation,risk,Inconsistent,0.1267,0.0772,0.2,0.1028,1,1
item,Stereotype Bias,risk,Inconsistent,0.1757,0.0772,0.2,0.25,1,1
item,Stereotyped Selections,risk,Inconsistent,0.1267,0.0772,0.2,0.1028,1,1
item,Strategic Benchmark Gaming,risk,Inconsistent,0.1267,0.0772,0.2,0.1028,1,1
item,Strategic Deception,risk,Inconsistent,0.1801,0.1066,0.2,0.2335,1,3
item,Strategic Rare Behaviors,risk,Inconsistent,0.1757,0.0772,0.2,0.25,1,1
item,Strategic Sandbagging,risk,Inconsistent,0.1267,0.0772,0.2,0.1028,1,1
item,Stylistic Control,virtue,Inconsistent,0.2035,0.0772,0.2,0.3333,1,1
item,Subtle Harmful Actions,risk,Inconsistent,0.1757,0.0772,0.2,0.25,1,1
item,Subtle Sabotage,risk,Inconsistent,0.1757,0.0772,0.2,0.25,1,1
item,Suicidal Intent,risk,Inconsistent,0.1267,0.0772,0.2,0.1028,1,1
item,Suicide and Self-Harm,risk,Inconsistent,0.1757,0.0772,0.2,0.25,1,1
item,Suicide Encouragement,risk,Inconsistent,0.1267,0.0772,0.2,0.1028,1,1
item,SWE-Bench Verified,risk,Inconsistent,0.1757,0.0772,0.2,0.25,1,1
item,Sycophancy,risk,Inconsistent,0.4026,0.4706,0.2011,0.5362,4,15
item,System Compromise,risk,Inconsistent,0.2035,0.0772,0.2,0.3333,1,1
item,System Prompt Extraction,risk,Inconsistent,0.1267,0.0772,0.2,0.1028,1,1
item,System Safeguards,virtue,Inconsistent,0.1267,0.0772,0.2,0.1028,1,1
item,System-Level Protections,risk,Inconsistent,0.1267,0.0772,0.2,0.1028,1,1
item,System-Level Safeguard Testing,risk,Inconsistent,0.1267,0.0772,0.2,0.1028,1,1
item,Systematic Deception,risk,Inconsistent,0.1757,0.0772,0.2,0.25,1,1
item,Tacit Knowledge,risk,Inconsistent,0.1267,0.0772,0.2,0.1028,1,1
item,Targeted Harassment,risk,Inconsistent,0.1267,0.0772,0.2,0.1028,1,1
item,Targeted Political Persuasion,risk,Inconsistent,0.1267,0.0772,0.2,0.1028,1,1
item,Task Completion Misrepresentation,risk,Inconsistent,0.1267,0.0772,0.2,0.1028,1,1
item,Task Scams,risk,Inconsistent,0.1267,0.0772,0.2,0.1028,1,1
item,Teaching to the Test,risk,Inconsistent,0.1757,0.0772,0.2,0.25,1,1
item,Teen Safety,risk,Inconsistent,0.1267,0.0772,0.2,0.1028,1,1
item,Terms-Violating Content,risk,Inconsistent,0.2285,0.0772,0.2,0.4083,1,1
item,Text Safety,risk,Inconsistent,0.1692,0.0919,0.2,0.2157,1,2
item,Think Less Attack,risk,Inconsistent,0.1267,0.0772,0.2,0.1028,1,1
item,Third-Party Terms Breaches,risk,Inconsistent,0.1757,0.0772,0.2,0.25,1,1
item,Threat Actors,risk,Inconsistent,0.1267,0.0772,0.2,0.1028,1,1
item,Tone,risk,Inconsistent,0.2209,0.1213,0.2,0.3414,1,4
item,Tool Deception,risk,Inconsistent,0.1267,0.0772,0.2,0.1028,1,1
item,Toxic Content,risk,Inconsistent,0.1434,0.0772,0.2,0.1529,1,1
item,Toxic Comments,risk,Inconsistent,0.1434,0.0772,0.2,0.1529,1,1
item,Toxic Generations,risk,Inconsistent,0.1267,0.0772,0.2,0.1028,1,1
item,Toxic Outputs,risk,Inconsistent,0.1616,0.2316,0.0845,0.1686,3,3
item,Toxicity,risk,Inconsistent,0.1434,0.0772,0.2,0.1529,1,1
item,Training Contamination,risk,Inconsistent,0.1267,0.0772,0.2,0.1028,1,1
item,Training Data Bias,risk,Inconsistent,0.1524,0.1544,0.175,0.1279,2,2
item,Training Data Contamination,risk,Inconsistent,0.1717,0.1691,0.1181,0.2278,2,3
item,Training Data Exfiltration,risk,Inconsistent,0.1434,0.0772,0.2,0.1529,1,1
item,Training Data Face Memorization,risk,Inconsistent,0.1267,0.0772,0.2,0.1028,1,1
item,Training Data Personal Information,risk,Inconsistent,0.1267,0.0772,0.2,0.1028,1,1
item,Training Data Regurgitation,risk,Inconsistent,0.1267,0.0772,0.2,0.1028,1,1
item,Training Data Use,risk,Inconsistent,0.2035,0.0772,0.2,0.3333,1,1
item,Training on Customer Data,risk,Inconsistent,0.2035,0.0772,0.2,0.3333,1,1
item,Transcription Factor Binding Site Design,risk,Inconsistent,0.1267,0.0772,0.2,0.1028,1,1
item,Transformation Exceptions,risk,Inconsistent,0.1267,0.0772,0.2,0.1028,1,1
item,Translation Improvement,virtue,Inconsistent,0.2285,0.0772,0.2,0.4083,1,1
item,Transparency,virtue,Inconsistent,0.1335,0.1544,0.0447,0.2014,2,2
item,Transparency And Control,virtue,Inconsistent,0.2285,0.0772,0.2,0.4083,1,1
item,Transparent Decision-Making,virtue,Inconsistent,0.1434,0.0772,0.2,0.1529,1,1
item,Trolling and Fake Accounts,risk,Inconsistent,0.1267,0.0772,0.2,0.1028,1,1
item,Truthfulness,virtue,Inconsistent,0.1409,0.0919,0.2,0.1307,1,2
item,UI Security Failures,risk,Inconsistent,0.1434,0.0772,0.2,0.1529,1,1
item,Unauthorized Voice Generation,risk,Inconsistent,0.1267,0.0772,0.2,0.1028,1,1
item,Unbiased Behavior,virtue,Inconsistent,0.2035,0.0772,0.2,0.3333,1,1
item,Unclear Risks,risk,Inconsistent,0.1267,0.0772,0.2,0.1028,1,1
item,Undermining Human Relationships,risk,Inconsistent,0.1267,0.0772,0.2,0.1028,1,1
item,Undermining Oversight,risk,Inconsistent,0.1757,0.0772,0.2,0.25,1,1
item,Underrepresented Languages,virtue,Inconsistent,0.1267,0.0772,0.2,0.1028,1,1
item,Unfair Bias,risk,Inconsistent,0.2809,0.1213,0.2,0.5214,1,4
item,Ungrounded Biased Content,risk,Inconsistent,0.2285,0.0772,0.2,0.4083,1,1
item,Ungrounded Inferences,risk,Inconsistent,0.1661,0.1544,0.2159,0.1279,2,2
item,Ungrounded Medical Advice,risk,Inconsistent,0.1434,0.0772,0.2,0.1529,1,1
item,Unhelpful Refusals,risk,Inconsistent,0.1757,0.0772,0.2,0.25,1,1
item,Uninformed Participants,risk,Inconsistent,0.1267,0.0772,0.2,0.1028,1,1
item,Unintended Code Behavior,risk,Inconsistent,0.1267,0.0772,0.2,0.1028,1,1
item,Unintentional Harm,risk,Inconsistent,0.2285,0.0772,0.2,0.4083,1,1
item,Unintentional Failures,risk,Inconsistent,0.1434,0.0772,0.2,0.1529,1,1
item,Unintentional Failure Modes,risk,Inconsistent,0.1434,0.0772,0.2,0.1529,1,1
item,Universal Jailbreaks,risk,Inconsistent,0.1409,0.0919,0.2,0.1307,1,2
item,Unjustified Refusals,risk,Inconsistent,0.1692,0.0919,0.2,0.2157,1,2
item,Unknown Unknowns,risk,Inconsistent,0.1267,0.0772,0.2,0.1028,1,1
item,Unqualified Advice,risk,Inconsistent,0.2035,0.0772,0.2,0.3333,1,1
item,Unsafe Content,risk,Inconsistent,0.1434,0.0772,0.2,0.1529,1,1
item,Unsafe Cyber Outputs,risk,Inconsistent,0.1267,0.0772,0.2,0.1028,1,1
item,Unsafe Health Advice,risk,Inconsistent,0.2285,0.0772,0.2,0.4083,1,1
item,Unsafe Medical Advice,risk,Inconsistent,0.1434,0.0772,0.2,0.1529,1,1
item,Unsafe Or Violent Images,risk,Inconsistent,0.1434,0.0772,0.2,0.1529,1,1
item,Unscientific Medical Advice,risk,Inconsistent,0.2768,0.136,0.2,0.4943,1,5
item,Unsupported Languages,risk,Inconsistent,0.2285,0.0772,0.2,0.4083,1,1
item,Untrusted Data,risk,Inconsistent,0.1267,0.0772,0.2,0.1028,1,1
item,Unvetted Agentic AI,risk,Inconsistent,0.1267,0.0772,0.2,0.1028,1,1
item,Urgent Health Advice,risk,Inconsistent,0.1267,0.0772,0.2,0.1028,1,1
item,Urgent Health Consensus,risk,Inconsistent,0.1267,0.0772,0.2,0.1028,1,1
item,User Alignment,virtue,Inconsistent,0.1267,0.0772,0.2,0.1028,1,1
item,User Confirmations,virtue,Inconsistent,0.1409,0.0919,0.2,0.1307,1,2
item,User Content Training,risk,Inconsistent,0.2827,0.1544,0.3227,0.3708,2,2
item,User Deception,risk,Inconsistent,0.1566,0.1544,0.139,0.1764,2,2
item,User Intent Alignment,virtue,Inconsistent,0.1267,0.0772,0.2,0.1028,1,1
item,User Intent Inference,risk,Inconsistent,0.1267,0.0772,0.2,0.1028,1,1
item,User Invalidation,risk,Inconsistent,0.1267,0.0772,0.2,0.1028,1,1
item,User Pandering,risk,Inconsistent,0.1267,0.0772,0.2,0.1028,1,1
item,"User Safety, Security, and Privacy",virtue,Inconsistent,0.1434,0.0772,0.2,0.1529,1,1
item,User-Directed Fine-Tuning,virtue,Inconsistent,0.2035,0.0772,0.2,0.3333,1,1
item,Valid Solution Paths,virtue,Inconsistent,0.1267,0.0772,0.2,0.1028,1,1
item,Value Reinforcement,risk,Inconsistent,0.1757,0.0772,0.2,0.25,1,1
item,Violative Request Evaluations,risk,Inconsistent,0.2265,0.0919,0.2,0.3875,1,2
item,Violence,risk,Inconsistent,0.2715,0.3971,0.1096,0.3078,4,10
item,Violence and Gore,risk,Inconsistent,0.1434,0.0772,0.2,0.1529,1,1
item,Violence And Self-Harm,risk,Inconsistent,0.1267,0.0772,0.2,0.1028,1,1
item,Violence Instructions,risk,Inconsistent,0.1267,0.0772,0.2,0.1028,1,1
item,Violence or Extremism Content,risk,Inconsistent,0.2035,0.0772,0.2,0.3333,1,1
item,Violent Content,risk,Inconsistent,0.1566,0.1544,0.1875,0.1279,2,2
item,"Violent, Abusive, or Hateful Imagery",risk,Inconsistent,0.1267,0.0772,0.2,0.1028,1,1
item,Violent Attack Planning,risk,Inconsistent,0.1267,0.0772,0.2,0.1028,1,1
item,Violent Crime,risk,Inconsistent,0.1367,0.1544,0.0,0.2556,2,2
item,Violent Extremism,risk,Inconsistent,0.1103,0.1544,0.0,0.1764,2,2
item,Violent Harmful Content,risk,Inconsistent,0.2285,0.0772,0.2,0.4083,1,1
item,Violent Hate Content,risk,Inconsistent,0.1267,0.0772,0.2,0.1028,1,1
item,Violent Illegal Activities,risk,Inconsistent,0.1409,0.0919,0.2,0.1307,1,2
item,Violent Outputs,risk,Inconsistent,0.1434,0.0772,0.2,0.1529,1,1
item,Vision Capability Risks,risk,Inconsistent,0.2285,0.0772,0.2,0.4083,1,1
item,Voice Cloning,risk,Inconsistent,0.1267,0.0772,0.2,0.1028,1,1
item,Voice Input Bias,risk,Inconsistent,0.1267,0.0772,0.2,0.1028,1,1
item,Vulnerability Detection,risk,Inconsistent,0.1434,0.0772,0.2,0.1529,1,1
item,Vulnerable Code Introduction,risk,Inconsistent,0.2285,0.0772,0.2,0.4083,1,1
item,Warmth and Naturalness,virtue,Inconsistent,0.1267,0.0772,0.2,0.1028,1,1
item,Weapon-Making Guidance,risk,Inconsistent,0.1434,0.0772,0.2,0.1529,1,1
item,Wet Lab Capabilities,risk,Inconsistent,0.1267,0.0772,0.2,0.1028,1,1
item,WMD Proliferation,risk,Inconsistent,0.2035,0.0772,0.2,0.3333,1,1
category,Abuse potential,risk,Consistent,0.5625,0.9706,0.0698,0.6471,8,32
category,Autonomy,risk,Consistent,0.6013,0.8125,0.154,0.8373,5,54
category,Bias,risk,Consistent,0.6062,0.9375,0.1192,0.7619,7,58
category,CBRN,risk,Consistent,0.6845,0.8125,0.4226,0.8185,5,57
category,Child Safety,risk,Consistent,0.5876,0.9706,0.2199,0.5723,8,32
category,Child Sexual Abuse,risk,Inconsistent,0.3739,0.5294,0.1345,0.458,4,19
category,Compliance,risk,Inconsistent,0.3009,0.4743,0.0985,0.3298,5,11
category,Copyright Infringement,risk,Inconsistent,0.3142,0.4743,0.0924,0.376,5,11
category,Cybersecurity,risk,Consistent,0.6207,1.0,0.152,0.7101,8,72
category,Data Destruction,risk,Inconsistent,0.2084,0.136,0.2,0.2892,1,5
category,Data curation,risk,Inconsistent,0.2285,0.0772,0.2,0.4083,1,1
category,Deception,risk,Consistent,0.5318,1.0,0.0689,0.5266,8,49
category,Discriminatory Content,risk,Consistent,0.5338,0.7684,0.1459,0.6872,5,31
category,Encouraging Mental Illness,risk,Inconsistent,0.378,0.5147,0.1428,0.4766,4,18
category,Ethics,risk,Inconsistent,0.1659,0.0919,0.2,0.2057,1,2
category,Factuality,risk,Inconsistent,0.3073,0.4926,0.1122,0.317,6,8
category,Falsehoods,risk,Consistent,0.5307,0.8824,0.1073,0.6025,8,26
category,General,risk,Inconsistent,0.2709,0.4596,0.0507,0.3023,5,10
category,General Harms,risk,Consistent,0.5507,0.9081,0.075,0.669,7,32
category,Hallucinations,risk,Consistent,0.5575,0.9375,0.0788,0.6562,7,40
category,Harassment,risk,Inconsistent,0.4049,0.6507,0.0916,0.4725,5,23
category,Harmful Content,risk,Consistent,0.6761,1.0,0.2369,0.7916,8,78
category,Harmlessness,risk,Inconsistent,0.1757,0.0772,0.2,0.25,1,1
category,Historical revisionism,risk,Inconsistent,0.1267,0.0772,0.2,0.1028,1,1
category,Illegal Activities,risk,Consistent,0.5473,0.7868,0.1903,0.6649,6,28
category,Incoherence,risk,Inconsistent,0.1572,0.1838,0.046,0.2418,2,4
category,Incompleteness,risk,Inconsistent,0.194,0.3235,0.0231,0.2355,4,5
category,Jailbreaking,risk,Consistent,0.6169,1.0,0.1895,0.6613,8,59
category,Malicious Training,risk,Inconsistent,0.3432,0.4412,0.1305,0.4578,4,13
category,Misalignment,risk,Consistent,0.5069,0.8125,0.1238,0.5845,5,37
category,Misinformation,risk,Inconsistent,0.3012,0.3162,0.0339,0.5535,2,13
category,Misuse,risk,Inconsistent,0.3203,0.3971,0.1216,0.4421,4,10
category,Monopoly,risk,Inconsistent,0.1267,0.0772,0.2,0.1028,1,1
category,Multilingual incoherences,risk,Inconsistent,0.1751,0.1544,0.0,0.3708,2,2
category,Non-accredited Knowledge,risk,Inconsistent,0.2035,0.0772,0.2,0.3333,1,1
category,Other: covert-channel-behavior,risk,Inconsistent,0.1267,0.0772,0.2,0.1028,1,1
category,Other: overreliance,risk,Inconsistent,0.2285,0.0772,0.2,0.4083,1,1
category,Other: p-hacking,risk,Inconsistent,0.1267,0.0772,0.2,0.1028,1,1
category,Other: unhealthy emotional dependence,risk,Inconsistent,0.1267,0.0772,0.2,0.1028,1,1
category,Other: unsafe medical advice,risk,Inconsistent,0.1434,0.0772,0.2,0.1529,1,1
category,Over-refusal,risk,Consistent,0.5684,0.7978,0.1734,0.7339,5,33
category,Overreliance,risk,Inconsistent,0.2084,0.136,0.2,0.2892,1,5
category,Personality,risk,Inconsistent,0.2209,0.1213,0.2,0.3414,1,4
category,Persuasion,risk,Inconsistent,0.393,0.5735,0.0946,0.5109,4,22
category,Political Bias,risk,Inconsistent,0.4187,0.4081,0.2526,0.5955,3,15
category,Privacy,risk,Consistent,0.6651,1.0,0.2373,0.758,8,55
category,Quality Loss,risk,Inconsistent,0.2989,0.364,0.0595,0.4734,3,12
category,Reasoning,risk,Inconsistent,0.1267,0.0772,0.2,0.1028,1,1
category,Representational Bias,risk,Inconsistent,0.2279,0.2757,0.0709,0.3371,3,6
category,Reward Hacking,risk,Inconsistent,0.4265,0.5772,0.2483,0.454,5,18
category,Safety,risk,Inconsistent,0.2392,0.3051,0.0679,0.3444,3,8
category,Sexual Content,risk,Consistent,0.5132,0.6912,0.2784,0.5698,4,30
category,Societal Risks,risk,Inconsistent,0.129,0.1544,0.1048,0.1279,2,2
category,Sycophancy,risk,Inconsistent,0.429,0.5,0.2182,0.5689,4,17
category,Toxicity,risk,Inconsistent,0.2677,0.3824,0.055,0.3658,4,9
category,Violent Content,risk,Consistent,0.4641,0.7279,0.172,0.4924,6,24
category,Violent imagery,risk,Inconsistent,0.1659,0.0919,0.2,0.2057,1,2
category,Anti-discrimination,virtue,Inconsistent,0.1874,0.2316,0.0,0.3306,3,3
category,Appropriate Harmlessness,virtue,Inconsistent,0.2262,0.261,0.0713,0.3463,3,5
category,Autonomy,virtue,Inconsistent,0.1434,0.0772,0.2,0.1529,1,1
category,Compliance,virtue,Inconsistent,0.2732,0.3971,0.0184,0.4043,4,10
category,Corrigibility,virtue,Inconsistent,0.142,0.1544,0.07,0.2014,2,2
category,Creativity,virtue,Inconsistent,0.1267,0.0772,0.2,0.1028,1,1
category,Diversity,virtue,Inconsistent,0.1855,0.2316,0.071,0.2537,3,3
category,Ethics,virtue,Inconsistent,0.1757,0.0772,0.2,0.25,1,1
category,Factuality,virtue,Inconsistent,0.3099,0.4743,0.0883,0.3671,5,11
category,Fairness,virtue,Inconsistent,0.1422,0.1544,0.1443,0.1279,2,2
category,General Harms,virtue,Inconsistent,0.1685,0.1691,0.0169,0.3195,2,3
category,Harmful Content,virtue,Inconsistent,0.1267,0.0772,0.2,0.1028,1,1
category,Harmlessness,virtue,Inconsistent,0.2749,0.3199,0.0635,0.4412,3,9
category,Helpfulness,virtue,Consistent,0.4786,0.7904,0.0854,0.5598,7,24
category,Helpfulness | Honesty | Harmlessness,virtue,Inconsistent,0.1757,0.0772,0.2,0.25,1,1
category,Honesty,virtue,Inconsistent,0.3707,0.5478,0.0452,0.519,5,16
category,Knowledge,virtue,Inconsistent,0.1367,0.1544,0.0,0.2556,2,2
category,Language,virtue,Inconsistent,0.2679,0.3382,0.0619,0.4035,4,6
category,Non-accredited Knowledge,virtue,Inconsistent,0.1588,0.1691,0.103,0.2043,2,3
category,Other: Epistemic autonomy,virtue,Inconsistent,0.1757,0.0772,0.2,0.25,1,1
category,Other: interpretability,virtue,Inconsistent,0.1267,0.0772,0.2,0.1028,1,1
category,Other: model improvement from user interactions,virtue,Inconsistent,0.2285,0.0772,0.2,0.4083,1,1
category,Other: model training and improvement,virtue,Inconsistent,0.2035,0.0772,0.2,0.3333,1,1
category,Other: refusal tone,virtue,Inconsistent,0.1692,0.0919,0.2,0.2157,1,2
category,Other: user-directed model adaptation,virtue,Inconsistent,0.2035,0.0772,0.2,0.3333,1,1
category,Personality,virtue,Inconsistent,0.2264,0.2757,0.0173,0.3862,3,6
category,Political Bias,virtue,Inconsistent,0.1434,0.0772,0.2,0.1529,1,1
category,Political Neutrality,virtue,Inconsistent,0.257,0.3676,0.0784,0.3251,4,8
category,Reasoning,virtue,Inconsistent,0.2133,0.2463,0.051,0.3426,3,4
category,Rhetoric,virtue,Inconsistent,0.1434,0.0772,0.2,0.1529,1,1
category,Safety,virtue,Consistent,0.4946,0.8493,0.0959,0.5388,7,28
category,Transparency,virtue,Inconsistent,0.1384,0.2316,0.0149,0.1686,3,3
category,Writing,virtue,Inconsistent,0.2285,0.0772,0.2,0.4083,1,1
thematic,Behavioral alignment & control,risk,Consistent,0.6815,1.0,0.1818,0.8627,8,108
thematic,Capability & performance,risk,Inconsistent,0.3355,0.4559,0.0475,0.503,4,14
thematic,Catastrophic & security risks,risk,Consistent,0.6399,1.0,0.1862,0.7335,8,98
thematic,Content safety & misuse,risk,Consistent,0.7342,1.0,0.2777,0.925,8,126
thematic,Economic & institutional effects,risk,Inconsistent,0.1267,0.0772,0.2,0.1028,1,1
thematic,Epistemic integrity,risk,Consistent,0.6788,1.0,0.1457,0.8908,8,79
thematic,General / cross-cutting,risk,Inconsistent,0.3212,0.5662,0.0624,0.3351,6,13
thematic,Human wellbeing & interaction,risk,Inconsistent,0.4047,0.5735,0.101,0.5395,4,22
thematic,Political & civic integrity,risk,Inconsistent,0.4187,0.4081,0.2526,0.5955,3,15
thematic,"Privacy, rights & provenance",risk,Consistent,0.6833,1.0,0.2376,0.8122,8,60
thematic,Societal harms & equity,risk,Consistent,0.6519,1.0,0.1183,0.8375,8,88
thematic,Behavioral alignment & control,virtue,Consistent,0.6257,1.0,0.0991,0.778,8,58
thematic,Capability & performance,virtue,Inconsistent,0.3262,0.3971,0.0724,0.5091,4,10
thematic,Catastrophic & security risks,virtue,Inconsistent,0.1434,0.0772,0.2,0.1529,1,1
thematic,Content safety & misuse,virtue,Inconsistent,0.1925,0.2463,0.0838,0.2473,3,4
thematic,Epistemic integrity,virtue,Consistent,0.5307,0.8456,0.066,0.6806,6,32
thematic,General / cross-cutting,virtue,Inconsistent,0.2289,0.386,0.0151,0.2856,5,5
thematic,Human wellbeing & interaction,virtue,Inconsistent,0.2264,0.2757,0.0173,0.3862,3,6
thematic,Political & civic integrity,virtue,Inconsistent,0.2568,0.3676,0.0776,0.3251,4,8
thematic,Societal harms & equity,virtue,Inconsistent,0.2543,0.4154,0.0409,0.3067,5,7
